log_id,occurred_at,source,incident_category,risk,pii_status,pii_summary,analyzer_reason,redacted_log
LOG-1763476617191-472,,시스템 배치/감사,exfiltration,Medium,No PII pattern,,(위험도 판단 설명 없음),(마스킹된 로그가 없습니다 - 원본 로그는 백엔드/sf_logs에서만 유지)
LOG-1763476629202-918,,웹 애플리케이션,monitoring,Medium,No PII pattern,,(위험도 판단 설명 없음),(마스킹된 로그가 없습니다 - 원본 로그는 백엔드/sf_logs에서만 유지)
LOG-1763476638264-513,,CRM 시스템,exfiltration,High,No PII pattern,,(위험도 판단 설명 없음),(마스킹된 로그가 없습니다 - 원본 로그는 백엔드/sf_logs에서만 유지)
LOG-1763476649415-468,,로그인 게이트웨이,credential_abuse,Medium,No PII pattern,,(위험도 판단 설명 없음),(마스킹된 로그가 없습니다 - 원본 로그는 백엔드/sf_logs에서만 유지)
LOG-1763476662156-658,,파일 서버,exfiltration,High,No PII pattern,,(위험도 판단 설명 없음),(마스킹된 로그가 없습니다 - 원본 로그는 백엔드/sf_logs에서만 유지)
LOG-1763476671355-435,,시스템 배치/감사,exfiltration,Medium,No PII pattern,,(위험도 판단 설명 없음),(마스킹된 로그가 없습니다 - 원본 로그는 백엔드/sf_logs에서만 유지)
LOG-1763476673329-64,,파일 서버,exfiltration,High,No PII pattern,,(위험도 판단 설명 없음),(마스킹된 로그가 없습니다 - 원본 로그는 백엔드/sf_logs에서만 유지)
LOG-1763476673446-416,,웹 애플리케이션,credential_abuse,Medium,No PII pattern,,(위험도 판단 설명 없음),(마스킹된 로그가 없습니다 - 원본 로그는 백엔드/sf_logs에서만 유지)
LOG-1763476677182-208,,시스템 배치/감사,exfiltration,Medium,No PII pattern,,(위험도 판단 설명 없음),(마스킹된 로그가 없습니다 - 원본 로그는 백엔드/sf_logs에서만 유지)
LOG-1763476697391-160,,로그인 게이트웨이,credential_abuse,Medium,No PII pattern,,(위험도 판단 설명 없음),(마스킹된 로그가 없습니다 - 원본 로그는 백엔드/sf_logs에서만 유지)
LOG-1763476713188-538,,시스템 배치/감사,exfiltration,Medium,No PII pattern,,(위험도 판단 설명 없음),(마스킹된 로그가 없습니다 - 원본 로그는 백엔드/sf_logs에서만 유지)
LOG-1763476727696-723,,로그인 게이트웨이,credential_abuse,Medium,No PII pattern,,(위험도 판단 설명 없음),(마스킹된 로그가 없습니다 - 원본 로그는 백엔드/sf_logs에서만 유지)
LOG-1763476731171-83,,시스템 배치/감사,exfiltration,Medium,No PII pattern,,(위험도 판단 설명 없음),(마스킹된 로그가 없습니다 - 원본 로그는 백엔드/sf_logs에서만 유지)
LOG-1763476737179-798,,시스템 배치/감사,exfiltration,Medium,No PII pattern,,(위험도 판단 설명 없음),(마스킹된 로그가 없습니다 - 원본 로그는 백엔드/sf_logs에서만 유지)
LOG-1763476749175-654,,시스템 배치/감사,exfiltration,Medium,No PII pattern,,(위험도 판단 설명 없음),(마스킹된 로그가 없습니다 - 원본 로그는 백엔드/sf_logs에서만 유지)
LOG-1763476757491-611,,CRM 시스템,exfiltration,High,No PII pattern,,(위험도 판단 설명 없음),(마스킹된 로그가 없습니다 - 원본 로그는 백엔드/sf_logs에서만 유지)
LOG-1763476763117-145,,웹 애플리케이션,credential_abuse,Medium,No PII pattern,,(위험도 판단 설명 없음),(마스킹된 로그가 없습니다 - 원본 로그는 백엔드/sf_logs에서만 유지)
LOG-1763476793821-150,,오브젝트 스토리지,exfiltration,High,No PII pattern,,(위험도 판단 설명 없음),(마스킹된 로그가 없습니다 - 원본 로그는 백엔드/sf_logs에서만 유지)
LOG-1763476803206-673,,시스템 배치/감사,exfiltration,Medium,No PII pattern,,(위험도 판단 설명 없음),(마스킹된 로그가 없습니다 - 원본 로그는 백엔드/sf_logs에서만 유지)
LOG-1763476827183-382,,시스템 배치/감사,exfiltration,Medium,No PII pattern,,(위험도 판단 설명 없음),(마스킹된 로그가 없습니다 - 원본 로그는 백엔드/sf_logs에서만 유지)
LOG-1763476929178-539,,시스템 배치/감사,exfiltration,Medium,No PII pattern,,(위험도 판단 설명 없음),(마스킹된 로그가 없습니다 - 원본 로그는 백엔드/sf_logs에서만 유지)
LOG-1763476947188-372,,시스템 배치/감사,exfiltration,Medium,No PII pattern,,(위험도 판단 설명 없음),(마스킹된 로그가 없습니다 - 원본 로그는 백엔드/sf_logs에서만 유지)
LOG-1763476977188-707,,시스템 배치/감사,exfiltration,Medium,No PII pattern,,(위험도 판단 설명 없음),(마스킹된 로그가 없습니다 - 원본 로그는 백엔드/sf_logs에서만 유지)
LOG-1763476991397-240,,CRM 시스템,exfiltration,High,No PII pattern,,(위험도 판단 설명 없음),(마스킹된 로그가 없습니다 - 원본 로그는 백엔드/sf_logs에서만 유지)
LOG-1763476995251-684,,시스템 배치/감사,exfiltration,Medium,No PII pattern,,(위험도 판단 설명 없음),(마스킹된 로그가 없습니다 - 원본 로그는 백엔드/sf_logs에서만 유지)
LOG-1763477007207-88,,시스템 배치/감사,exfiltration,Medium,No PII pattern,,(위험도 판단 설명 없음),(마스킹된 로그가 없습니다 - 원본 로그는 백엔드/sf_logs에서만 유지)
LOG-1763477015573-806,,로그인 게이트웨이,credential_abuse,Medium,No PII pattern,,(위험도 판단 설명 없음),(마스킹된 로그가 없습니다 - 원본 로그는 백엔드/sf_logs에서만 유지)
LOG-1763477043190-804,,시스템 배치/감사,exfiltration,Medium,No PII pattern,,(위험도 판단 설명 없음),(마스킹된 로그가 없습니다 - 원본 로그는 백엔드/sf_logs에서만 유지)
LOG-1763477049186-200,,시스템 배치/감사,exfiltration,Medium,No PII pattern,,(위험도 판단 설명 없음),(마스킹된 로그가 없습니다 - 원본 로그는 백엔드/sf_logs에서만 유지)
LOG-1763477061208-15,,시스템 배치/감사,exfiltration,Medium,No PII pattern,,(위험도 판단 설명 없음),(마스킹된 로그가 없습니다 - 원본 로그는 백엔드/sf_logs에서만 유지)
LOG-1763477069205-738,,웹 애플리케이션,credential_abuse,Medium,No PII pattern,,(위험도 판단 설명 없음),(마스킹된 로그가 없습니다 - 원본 로그는 백엔드/sf_logs에서만 유지)
LOG-1763477073211-908,,시스템 배치/감사,exfiltration,Medium,No PII pattern,,(위험도 판단 설명 없음),(마스킹된 로그가 없습니다 - 원본 로그는 백엔드/sf_logs에서만 유지)
LOG-1763477109194-252,,시스템 배치/감사,exfiltration,Medium,No PII pattern,,(위험도 판단 설명 없음),(마스킹된 로그가 없습니다 - 원본 로그는 백엔드/sf_logs에서만 유지)
LOG-1763477142203-54,,CRM 시스템,exfiltration,Medium,No PII pattern,,(위험도 판단 설명 없음),(마스킹된 로그가 없습니다 - 원본 로그는 백엔드/sf_logs에서만 유지)
LOG-1763477145273-217,,시스템 배치/감사,exfiltration,Medium,No PII pattern,,(위험도 판단 설명 없음),(마스킹된 로그가 없습니다 - 원본 로그는 백엔드/sf_logs에서만 유지)
LOG-1763477153954-904,,로그인 게이트웨이,credential_abuse,Medium,No PII pattern,,(위험도 판단 설명 없음),(마스킹된 로그가 없습니다 - 원본 로그는 백엔드/sf_logs에서만 유지)
LOG-1763477181190-695,,시스템 배치/감사,exfiltration,Medium,No PII pattern,,(위험도 판단 설명 없음),(마스킹된 로그가 없습니다 - 원본 로그는 백엔드/sf_logs에서만 유지)
LOG-1763477187193-82,,시스템 배치/감사,exfiltration,Medium,No PII pattern,,(위험도 판단 설명 없음),(마스킹된 로그가 없습니다 - 원본 로그는 백엔드/sf_logs에서만 유지)
LOG-1763477213285-393,,오브젝트 스토리지,misconfiguration,High,No PII pattern,,(위험도 판단 설명 없음),(마스킹된 로그가 없습니다 - 원본 로그는 백엔드/sf_logs에서만 유지)
LOG-1763477247188-249,,시스템 배치/감사,exfiltration,Medium,No PII pattern,,(위험도 판단 설명 없음),(마스킹된 로그가 없습니다 - 원본 로그는 백엔드/sf_logs에서만 유지)
LOG-1763477265253-447,,시스템 배치/감사,exfiltration,Medium,No PII pattern,,(위험도 판단 설명 없음),(마스킹된 로그가 없습니다 - 원본 로그는 백엔드/sf_logs에서만 유지)
LOG-1763477273577-774,,파일 서버,exfiltration,High,No PII pattern,,(위험도 판단 설명 없음),(마스킹된 로그가 없습니다 - 원본 로그는 백엔드/sf_logs에서만 유지)
LOG-1763477307183-148,,시스템 배치/감사,exfiltration,Medium,No PII pattern,,(위험도 판단 설명 없음),(마스킹된 로그가 없습니다 - 원본 로그는 백엔드/sf_logs에서만 유지)
LOG-1763477325134-884,,시스템 배치/감사,exfiltration,Medium,No PII pattern,,(위험도 판단 설명 없음),(마스킹된 로그가 없습니다 - 원본 로그는 백엔드/sf_logs에서만 유지)
LOG-1763477331198-769,,웹 애플리케이션,monitoring,Medium,No PII pattern,,(위험도 판단 설명 없음),(마스킹된 로그가 없습니다 - 원본 로그는 백엔드/sf_logs에서만 유지)
LOG-1763477342022-135,,오브젝트 스토리지,exfiltration,High,No PII pattern,,(위험도 판단 설명 없음),(마스킹된 로그가 없습니다 - 원본 로그는 백엔드/sf_logs에서만 유지)
LOG-1763477355246-824,,웹 애플리케이션,monitoring,Medium,No PII pattern,,(위험도 판단 설명 없음),(마스킹된 로그가 없습니다 - 원본 로그는 백엔드/sf_logs에서만 유지)
LOG-1763477411130-693,,CRM 시스템,exfiltration,High,No PII pattern,,(위험도 판단 설명 없음),(마스킹된 로그가 없습니다 - 원본 로그는 백엔드/sf_logs에서만 유지)
LOG-1763477433178-722,,시스템 배치/감사,exfiltration,Medium,No PII pattern,,(위험도 판단 설명 없음),(마스킹된 로그가 없습니다 - 원본 로그는 백엔드/sf_logs에서만 유지)
LOG-1763477453048-815,,오브젝트 스토리지,exfiltration,High,No PII pattern,,(위험도 판단 설명 없음),(마스킹된 로그가 없습니다 - 원본 로그는 백엔드/sf_logs에서만 유지)
LOG-1763477481244-338,,시스템 배치/감사,exfiltration,Medium,No PII pattern,,(위험도 판단 설명 없음),(마스킹된 로그가 없습니다 - 원본 로그는 백엔드/sf_logs에서만 유지)
LOG-1763477495820-780,,파일 서버,exfiltration,High,No PII pattern,,(위험도 판단 설명 없음),(마스킹된 로그가 없습니다 - 원본 로그는 백엔드/sf_logs에서만 유지)
LOG-1763477517194-737,,시스템 배치/감사,exfiltration,Medium,No PII pattern,,(위험도 판단 설명 없음),(마스킹된 로그가 없습니다 - 원본 로그는 백엔드/sf_logs에서만 유지)
LOG-1763477526290-335,,CRM 시스템,exfiltration,High,No PII pattern,,(위험도 판단 설명 없음),(마스킹된 로그가 없습니다 - 원본 로그는 백엔드/sf_logs에서만 유지)
LOG-1763477553192-536,,시스템 배치/감사,exfiltration,Medium,No PII pattern,,(위험도 판단 설명 없음),(마스킹된 로그가 없습니다 - 원본 로그는 백엔드/sf_logs에서만 유지)
LOG-1763477573029-526,,파일 서버,exfiltration,High,No PII pattern,,(위험도 판단 설명 없음),(마스킹된 로그가 없습니다 - 원본 로그는 백엔드/sf_logs에서만 유지)
LOG-1763477583184-521,,시스템 배치/감사,exfiltration,Medium,No PII pattern,,(위험도 판단 설명 없음),(마스킹된 로그가 없습니다 - 원본 로그는 백엔드/sf_logs에서만 유지)
LOG-1763477637185-688,,시스템 배치/감사,exfiltration,Medium,No PII pattern,,(위험도 판단 설명 없음),(마스킹된 로그가 없습니다 - 원본 로그는 백엔드/sf_logs에서만 유지)
LOG-1763477645553-93,,CRM 시스템,exfiltration,High,No PII pattern,,(위험도 판단 설명 없음),(마스킹된 로그가 없습니다 - 원본 로그는 백엔드/sf_logs에서만 유지)
LOG-1763477649183-955,,시스템 배치/감사,exfiltration,Medium,No PII pattern,,(위험도 판단 설명 없음),(마스킹된 로그가 없습니다 - 원본 로그는 백엔드/sf_logs에서만 유지)
LOG-1763477673196-935,,시스템 배치/감사,exfiltration,Medium,No PII pattern,,(위험도 판단 설명 없음),(마스킹된 로그가 없습니다 - 원본 로그는 백엔드/sf_logs에서만 유지)
LOG-1763477675591-867,,오브젝트 스토리지,misconfiguration,High,No PII pattern,,(위험도 판단 설명 없음),(마스킹된 로그가 없습니다 - 원본 로그는 백엔드/sf_logs에서만 유지)
LOG-1763477675709-124,,로그인 게이트웨이,credential_abuse,Medium,No PII pattern,,(위험도 판단 설명 없음),(마스킹된 로그가 없습니다 - 원본 로그는 백엔드/sf_logs에서만 유지)
LOG-1763477679207-435,,시스템 배치/감사,exfiltration,Medium,No PII pattern,,(위험도 판단 설명 없음),(마스킹된 로그가 없습니다 - 원본 로그는 백엔드/sf_logs에서만 유지)
LOG-1763477697189-221,,시스템 배치/감사,exfiltration,Medium,No PII pattern,,(위험도 판단 설명 없음),(마스킹된 로그가 없습니다 - 원본 로그는 백엔드/sf_logs에서만 유지)
LOG-1763477745258-21,,시스템 배치/감사,exfiltration,Medium,No PII pattern,,(위험도 판단 설명 없음),(마스킹된 로그가 없습니다 - 원본 로그는 백엔드/sf_logs에서만 유지)
LOG-1763477771733-392,,로그인 게이트웨이,credential_abuse,Medium,No PII pattern,,(위험도 판단 설명 없음),(마스킹된 로그가 없습니다 - 원본 로그는 백엔드/sf_logs에서만 유지)
LOG-1763477783365-289,,오브젝트 스토리지,exfiltration,High,No PII pattern,,(위험도 판단 설명 없음),(마스킹된 로그가 없습니다 - 원본 로그는 백엔드/sf_logs에서만 유지)
LOG-1763477813053-90,,오브젝트 스토리지,misconfiguration,High,No PII pattern,,(위험도 판단 설명 없음),(마스킹된 로그가 없습니다 - 원본 로그는 백엔드/sf_logs에서만 유지)
LOG-1763477817210-592,,시스템 배치/감사,exfiltration,Medium,No PII pattern,,(위험도 판단 설명 없음),(마스킹된 로그가 없습니다 - 원본 로그는 백엔드/sf_logs에서만 유지)
LOG-1763477831559-68,,오브젝트 스토리지,misconfiguration,High,No PII pattern,,(위험도 판단 설명 없음),(마스킹된 로그가 없습니다 - 원본 로그는 백엔드/sf_logs에서만 유지)
LOG-1763477841187-772,,시스템 배치/감사,exfiltration,Medium,No PII pattern,,(위험도 판단 설명 없음),(마스킹된 로그가 없습니다 - 원본 로그는 백엔드/sf_logs에서만 유지)
LOG-1763477891411-181,,웹 애플리케이션,credential_abuse,Medium,No PII pattern,,(위험도 판단 설명 없음),(마스킹된 로그가 없습니다 - 원본 로그는 백엔드/sf_logs에서만 유지)
LOG-1763477903233-11,,오브젝트 스토리지,misconfiguration,High,No PII pattern,,(위험도 판단 설명 없음),(마스킹된 로그가 없습니다 - 원본 로그는 백엔드/sf_logs에서만 유지)
LOG-1763477915672-76,,CRM 시스템,exfiltration,High,No PII pattern,,(위험도 판단 설명 없음),(마스킹된 로그가 없습니다 - 원본 로그는 백엔드/sf_logs에서만 유지)
LOG-1763477921338-563,,로그인 게이트웨이,credential_abuse,Medium,No PII pattern,,(위험도 판단 설명 없음),(마스킹된 로그가 없습니다 - 원본 로그는 백엔드/sf_logs에서만 유지)
LOG-1763477939395-621,,오브젝트 스토리지,exfiltration,High,No PII pattern,,(위험도 판단 설명 없음),(마스킹된 로그가 없습니다 - 원본 로그는 백엔드/sf_logs에서만 유지)
LOG-1763477945287-319,,오브젝트 스토리지,exfiltration,High,No PII pattern,,(위험도 판단 설명 없음),(마스킹된 로그가 없습니다 - 원본 로그는 백엔드/sf_logs에서만 유지)
LOG-1763478057205-452,,시스템 배치/감사,exfiltration,Medium,No PII pattern,,(위험도 판단 설명 없음),(마스킹된 로그가 없습니다 - 원본 로그는 백엔드/sf_logs에서만 유지)
LOG-1763478075267-438,,시스템 배치/감사,exfiltration,Medium,No PII pattern,,(위험도 판단 설명 없음),(마스킹된 로그가 없습니다 - 원본 로그는 백엔드/sf_logs에서만 유지)
LOG-1763478117311-188,,시스템 배치/감사,exfiltration,Medium,No PII pattern,,(위험도 판단 설명 없음),(마스킹된 로그가 없습니다 - 원본 로그는 백엔드/sf_logs에서만 유지)
LOG-1763478173268-999,,CRM 시스템,exfiltration,Medium,No PII pattern,,(위험도 판단 설명 없음),(마스킹된 로그가 없습니다 - 원본 로그는 백엔드/sf_logs에서만 유지)
LOG-1763478189192-445,,시스템 배치/감사,exfiltration,Medium,No PII pattern,,(위험도 판단 설명 없음),(마스킹된 로그가 없습니다 - 원본 로그는 백엔드/sf_logs에서만 유지)
LOG-1763478201322-834,,시스템 배치/감사,exfiltration,Medium,No PII pattern,,(위험도 판단 설명 없음),(마스킹된 로그가 없습니다 - 원본 로그는 백엔드/sf_logs에서만 유지)
LOG-1763478221748-30,,CRM 시스템,exfiltration,Medium,No PII pattern,,(위험도 판단 설명 없음),(마스킹된 로그가 없습니다 - 원본 로그는 백엔드/sf_logs에서만 유지)
LOG-1763478243215-66,,시스템 배치/감사,exfiltration,Medium,No PII pattern,,(위험도 판단 설명 없음),(마스킹된 로그가 없습니다 - 원본 로그는 백엔드/sf_logs에서만 유지)
LOG-1763478263237-28,,오브젝트 스토리지,misconfiguration,High,No PII pattern,,(위험도 판단 설명 없음),(마스킹된 로그가 없습니다 - 원본 로그는 백엔드/sf_logs에서만 유지)
LOG-1763478291200-433,,시스템 배치/감사,exfiltration,Medium,No PII pattern,,(위험도 판단 설명 없음),(마스킹된 로그가 없습니다 - 원본 로그는 백엔드/sf_logs에서만 유지)
LOG-1763478297205-370,,시스템 배치/감사,exfiltration,Medium,No PII pattern,,(위험도 판단 설명 없음),(마스킹된 로그가 없습니다 - 원본 로그는 백엔드/sf_logs에서만 유지)
LOG-1763478308673-311,,오브젝트 스토리지,misconfiguration,High,No PII pattern,,(위험도 판단 설명 없음),(마스킹된 로그가 없습니다 - 원본 로그는 백엔드/sf_logs에서만 유지)
LOG-1763478309203-898,,시스템 배치/감사,exfiltration,Medium,No PII pattern,,(위험도 판단 설명 없음),(마스킹된 로그가 없습니다 - 원본 로그는 백엔드/sf_logs에서만 유지)
LOG-1763478369201-51,,시스템 배치/감사,exfiltration,Medium,No PII pattern,,(위험도 판단 설명 없음),(마스킹된 로그가 없습니다 - 원본 로그는 백엔드/sf_logs에서만 유지)
LOG-1763478381199-152,,시스템 배치/감사,exfiltration,Medium,No PII pattern,,(위험도 판단 설명 없음),(마스킹된 로그가 없습니다 - 원본 로그는 백엔드/sf_logs에서만 유지)
LOG-1763478429197-579,,웹 애플리케이션,monitoring,Medium,No PII pattern,,(위험도 판단 설명 없음),(마스킹된 로그가 없습니다 - 원본 로그는 백엔드/sf_logs에서만 유지)
LOG-1763478435250-78,,시스템 배치/감사,exfiltration,Medium,No PII pattern,,(위험도 판단 설명 없음),(마스킹된 로그가 없습니다 - 원본 로그는 백엔드/sf_logs에서만 유지)
LOG-1763478447196-777,,웹 애플리케이션,monitoring,Medium,No PII pattern,,(위험도 판단 설명 없음),(마스킹된 로그가 없습니다 - 원본 로그는 백엔드/sf_logs에서만 유지)
LOG-1763478453213-931,,웹 애플리케이션,monitoring,Medium,No PII pattern,,(위험도 판단 설명 없음),(마스킹된 로그가 없습니다 - 원본 로그는 백엔드/sf_logs에서만 유지)
LOG-1763478483196-684,,시스템 배치/감사,exfiltration,Medium,No PII pattern,,(위험도 판단 설명 없음),(마스킹된 로그가 없습니다 - 원본 로그는 백엔드/sf_logs에서만 유지)
LOG-1763478491319-779,,로그인 게이트웨이,credential_abuse,Medium,No PII pattern,,(위험도 판단 설명 없음),(마스킹된 로그가 없습니다 - 원본 로그는 백엔드/sf_logs에서만 유지)
LOG-1763478501208-429,,시스템 배치/감사,exfiltration,Medium,No PII pattern,,(위험도 판단 설명 없음),(마스킹된 로그가 없습니다 - 원본 로그는 백엔드/sf_logs에서만 유지)
LOG-1763478507202-215,,시스템 배치/감사,exfiltration,Medium,No PII pattern,,(위험도 판단 설명 없음),(마스킹된 로그가 없습니다 - 원본 로그는 백엔드/sf_logs에서만 유지)
LOG-1763478521565-310,,로그인 게이트웨이,credential_abuse,Medium,No PII pattern,,(위험도 판단 설명 없음),(마스킹된 로그가 없습니다 - 원본 로그는 백엔드/sf_logs에서만 유지)
LOG-1763478540337-60,,시스템 배치/감사,exfiltration,Medium,No PII pattern,,(위험도 판단 설명 없음),(마스킹된 로그가 없습니다 - 원본 로그는 백엔드/sf_logs에서만 유지)
LOG-1763478561203-108,,시스템 배치/감사,exfiltration,Medium,No PII pattern,,(위험도 판단 설명 없음),(마스킹된 로그가 없습니다 - 원본 로그는 백엔드/sf_logs에서만 유지)
LOG-1763478603228-474,,시스템 배치/감사,exfiltration,Medium,No PII pattern,,(위험도 판단 설명 없음),(마스킹된 로그가 없습니다 - 원본 로그는 백엔드/sf_logs에서만 유지)
LOG-1763478617771-183,,오브젝트 스토리지,misconfiguration,High,No PII pattern,,(위험도 판단 설명 없음),(마스킹된 로그가 없습니다 - 원본 로그는 백엔드/sf_logs에서만 유지)
LOG-1763478623364-703,,오브젝트 스토리지,exfiltration,High,No PII pattern,,(위험도 판단 설명 없음),(마스킹된 로그가 없습니다 - 원본 로그는 백엔드/sf_logs에서만 유지)
LOG-1763478645128-90,,시스템 배치/감사,exfiltration,Medium,No PII pattern,,(위험도 판단 설명 없음),(마스킹된 로그가 없습니다 - 원본 로그는 백엔드/sf_logs에서만 유지)
LOG-1763478689332-342,,CRM 시스템,exfiltration,High,No PII pattern,,(위험도 판단 설명 없음),(마스킹된 로그가 없습니다 - 원본 로그는 백엔드/sf_logs에서만 유지)
LOG-1763478695273-447,,오브젝트 스토리지,misconfiguration,High,No PII pattern,,(위험도 판단 설명 없음),(마스킹된 로그가 없습니다 - 원본 로그는 백엔드/sf_logs에서만 유지)
LOG-1763478696084-625,,오브젝트 스토리지,misconfiguration,High,No PII pattern,,(위험도 판단 설명 없음),(마스킹된 로그가 없습니다 - 원본 로그는 백엔드/sf_logs에서만 유지)
LOG-1763478767518-451,,오브젝트 스토리지,misconfiguration,High,No PII pattern,,(위험도 판단 설명 없음),(마스킹된 로그가 없습니다 - 원본 로그는 백엔드/sf_logs에서만 유지)
LOG-1763478779132-556,,오브젝트 스토리지,exfiltration,High,No PII pattern,,(위험도 판단 설명 없음),(마스킹된 로그가 없습니다 - 원본 로그는 백엔드/sf_logs에서만 유지)
LOG-1763478779803-4,,오브젝트 스토리지,exfiltration,High,No PII pattern,,(위험도 판단 설명 없음),(마스킹된 로그가 없습니다 - 원본 로그는 백엔드/sf_logs에서만 유지)
LOG-1763478783209-968,,시스템 배치/감사,exfiltration,Medium,No PII pattern,,(위험도 판단 설명 없음),(마스킹된 로그가 없습니다 - 원본 로그는 백엔드/sf_logs에서만 유지)
LOG-1763478795258-195,,웹 애플리케이션,monitoring,Medium,No PII pattern,,(위험도 판단 설명 없음),(마스킹된 로그가 없습니다 - 원본 로그는 백엔드/sf_logs에서만 유지)
LOG-1763478803943-892,,CRM 시스템,exfiltration,High,No PII pattern,,(위험도 판단 설명 없음),(마스킹된 로그가 없습니다 - 원본 로그는 백엔드/sf_logs에서만 유지)
LOG-1763478813197-83,,시스템 배치/감사,exfiltration,Medium,No PII pattern,,(위험도 판단 설명 없음),(마스킹된 로그가 없습니다 - 원본 로그는 백엔드/sf_logs에서만 유지)
LOG-1763478819203-394,,시스템 배치/감사,exfiltration,Medium,No PII pattern,,(위험도 판단 설명 없음),(마스킹된 로그가 없습니다 - 원본 로그는 백엔드/sf_logs에서만 유지)
LOG-1763478837210-173,,시스템 배치/감사,exfiltration,Medium,No PII pattern,,(위험도 판단 설명 없음),(마스킹된 로그가 없습니다 - 원본 로그는 백엔드/sf_logs에서만 유지)
LOG-1763478855260-989,,시스템 배치/감사,exfiltration,Medium,No PII pattern,,(위험도 판단 설명 없음),(마스킹된 로그가 없습니다 - 원본 로그는 백엔드/sf_logs에서만 유지)
LOG-1763478897190-300,,시스템 배치/감사,exfiltration,Medium,No PII pattern,,(위험도 판단 설명 없음),(마스킹된 로그가 없습니다 - 원본 로그는 백엔드/sf_logs에서만 유지)
LOG-1763478929341-400,,로그인 게이트웨이,credential_abuse,Medium,No PII pattern,,(위험도 판단 설명 없음),(마스킹된 로그가 없습니다 - 원본 로그는 백엔드/sf_logs에서만 유지)
LOG-1763478935180-246,,로그인 게이트웨이,credential_abuse,Medium,No PII pattern,,(위험도 판단 설명 없음),(마스킹된 로그가 없습니다 - 원본 로그는 백엔드/sf_logs에서만 유지)
LOG-1763478963206-80,,시스템 배치/감사,exfiltration,Medium,No PII pattern,,(위험도 판단 설명 없음),(마스킹된 로그가 없습니다 - 원본 로그는 백엔드/sf_logs에서만 유지)
LOG-1763478993238-571,,시스템 배치/감사,exfiltration,Medium,No PII pattern,,(위험도 판단 설명 없음),(마스킹된 로그가 없습니다 - 원본 로그는 백엔드/sf_logs에서만 유지)
UNKNOWN_ID,,UNKNOWN,monitoring,Safe,No PII pattern,,(위험도 판단 설명 없음),(마스킹된 로그가 없습니다 - 원본 로그는 백엔드/sf_logs에서만 유지)
LOG-1763479152644-378,,로그인 게이트웨이,credential_abuse,Medium,No PII pattern,,(위험도 판단 설명 없음),(마스킹된 로그가 없습니다 - 원본 로그는 백엔드/sf_logs에서만 유지)
LOG-1763479164110-130,,로그인 게이트웨이,credential_abuse,Medium,No PII pattern,,(위험도 판단 설명 없음),(마스킹된 로그가 없습니다 - 원본 로그는 백엔드/sf_logs에서만 유지)
LOG-1763479491207-681,,시스템 배치/감사,exfiltration,Medium,No PII pattern,,(위험도 판단 설명 없음),(마스킹된 로그가 없습니다 - 원본 로그는 백엔드/sf_logs에서만 유지)
LOG-1763480430686-835,,CRM 시스템,exfiltration,Medium,No PII pattern,,(위험도 판단 설명 없음),(마스킹된 로그가 없습니다 - 원본 로그는 백엔드/sf_logs에서만 유지)
LOG-1763480439222-313,,시스템 배치/감사,exfiltration,Medium,No PII pattern,,(위험도 판단 설명 없음),(마스킹된 로그가 없습니다 - 원본 로그는 백엔드/sf_logs에서만 유지)
LOG-1763480447936-81,,로그인 게이트웨이,credential_abuse,Medium,No PII pattern,,(위험도 판단 설명 없음),(마스킹된 로그가 없습니다 - 원본 로그는 백엔드/sf_logs에서만 유지)
LOG-1763480487232-973,,시스템 배치/감사,exfiltration,Medium,No PII pattern,,(위험도 판단 설명 없음),(마스킹된 로그가 없습니다 - 원본 로그는 백엔드/sf_logs에서만 유지)
LOG-1763480511214-542,,시스템 배치/감사,exfiltration,Medium,No PII pattern,,(위험도 판단 설명 없음),(마스킹된 로그가 없습니다 - 원본 로그는 백엔드/sf_logs에서만 유지)
LOG-1763480541207-255,,시스템 배치/감사,exfiltration,Medium,No PII pattern,,(위험도 판단 설명 없음),(마스킹된 로그가 없습니다 - 원본 로그는 백엔드/sf_logs에서만 유지)
LOG-1763480568311-702,,시스템 배치/감사,exfiltration,Medium,No PII pattern,,(위험도 판단 설명 없음),(마스킹된 로그가 없습니다 - 원본 로그는 백엔드/sf_logs에서만 유지)
LOG-1763480571205-547,,시스템 배치/감사,exfiltration,Medium,No PII pattern,,(위험도 판단 설명 없음),(마스킹된 로그가 없습니다 - 원본 로그는 백엔드/sf_logs에서만 유지)
LOG-1763480577216-292,,시스템 배치/감사,exfiltration,Medium,No PII pattern,,(위험도 판단 설명 없음),(마스킹된 로그가 없습니다 - 원본 로그는 백엔드/sf_logs에서만 유지)
LOG-1763480587083-947,,로그인 게이트웨이,credential_abuse,Medium,No PII pattern,,(위험도 판단 설명 없음),(마스킹된 로그가 없습니다 - 원본 로그는 백엔드/sf_logs에서만 유지)
LOG-1763480619213-950,,시스템 배치/감사,exfiltration,Medium,No PII pattern,,(위험도 판단 설명 없음),(마스킹된 로그가 없습니다 - 원본 로그는 백엔드/sf_logs에서만 유지)
LOG-1763480627405-682,,로그인 게이트웨이,credential_abuse,Medium,No PII pattern,,(위험도 판단 설명 없음),(마스킹된 로그가 없습니다 - 원본 로그는 백엔드/sf_logs에서만 유지)
LOG-1763480633946-968,,CRM 시스템,exfiltration,Medium,No PII pattern,,(위험도 판단 설명 없음),(마스킹된 로그가 없습니다 - 원본 로그는 백엔드/sf_logs에서만 유지)
LOG-1763480717365-43,,오브젝트 스토리지,misconfiguration,High,No PII pattern,,(위험도 판단 설명 없음),(마스킹된 로그가 없습니다 - 원본 로그는 백엔드/sf_logs에서만 유지)
LOG-1763480721242-453,,웹 애플리케이션,monitoring,Medium,No PII pattern,,(위험도 판단 설명 없음),(마스킹된 로그가 없습니다 - 원본 로그는 백엔드/sf_logs에서만 유지)
LOG-1763480777933-837,,CRM 시스템,exfiltration,Medium,No PII pattern,,(위험도 판단 설명 없음),(마스킹된 로그가 없습니다 - 원본 로그는 백엔드/sf_logs에서만 유지)
LOG-1763480781208-167,,시스템 배치/감사,exfiltration,Medium,No PII pattern,,(위험도 판단 설명 없음),(마스킹된 로그가 없습니다 - 원본 로그는 백엔드/sf_logs에서만 유지)
LOG-1763480787241-910,,시스템 배치/감사,exfiltration,Medium,No PII pattern,,(위험도 판단 설명 없음),(마스킹된 로그가 없습니다 - 원본 로그는 백엔드/sf_logs에서만 유지)
LOG-1763480801204-933,,로그인 게이트웨이,monitoring,Medium,No PII pattern,,(위험도 판단 설명 없음),(마스킹된 로그가 없습니다 - 원본 로그는 백엔드/sf_logs에서만 유지)
LOG-1763480813072-203,,웹 애플리케이션,monitoring,Medium,No PII pattern,,(위험도 판단 설명 없음),(마스킹된 로그가 없습니다 - 원본 로그는 백엔드/sf_logs에서만 유지)
LOG-1763480841349-598,,시스템 배치/감사,exfiltration,Medium,No PII pattern,,(위험도 판단 설명 없음),(마스킹된 로그가 없습니다 - 원본 로그는 백엔드/sf_logs에서만 유지)
LOG-1763480847283-548,,시스템 배치/감사,exfiltration,Medium,No PII pattern,,(위험도 판단 설명 없음),(마스킹된 로그가 없습니다 - 원본 로그는 백엔드/sf_logs에서만 유지)
LOG-1763480868330-478,,웹 애플리케이션,monitoring,Medium,No PII pattern,,(위험도 판단 설명 없음),(마스킹된 로그가 없습니다 - 원본 로그는 백엔드/sf_logs에서만 유지)
LOG-1763480873252-38,,파일 서버,exfiltration,High,No PII pattern,,(위험도 판단 설명 없음),(마스킹된 로그가 없습니다 - 원본 로그는 백엔드/sf_logs에서만 유지)
LOG-1763480884914-652,,오브젝트 스토리지,exfiltration,High,No PII pattern,,(위험도 판단 설명 없음),(마스킹된 로그가 없습니다 - 원본 로그는 백엔드/sf_logs에서만 유지)
LOG-1763480891513-776,,파일 서버,exfiltration,High,No PII pattern,,(위험도 판단 설명 없음),(마스킹된 로그가 없습니다 - 원본 로그는 백엔드/sf_logs에서만 유지)
LOG-1763480901334-81,,시스템 배치/감사,exfiltration,Medium,No PII pattern,,(위험도 판단 설명 없음),(마스킹된 로그가 없습니다 - 원본 로그는 백엔드/sf_logs에서만 유지)
LOG-1763480915482-568,,CRM 시스템,exfiltration,High,No PII pattern,,(위험도 판단 설명 없음),(마스킹된 로그가 없습니다 - 원본 로그는 백엔드/sf_logs에서만 유지)
LOG-1763480919213-696,,시스템 배치/감사,exfiltration,Medium,No PII pattern,,(위험도 판단 설명 없음),(마스킹된 로그가 없습니다 - 원본 로그는 백엔드/sf_logs에서만 유지)
LOG-1763480961239-949,,웹 애플리케이션,monitoring,Medium,No PII pattern,,(위험도 판단 설명 없음),(마스킹된 로그가 없습니다 - 원본 로그는 백엔드/sf_logs에서만 유지)
LOG-1763480991234-998,,시스템 배치/감사,exfiltration,Medium,No PII pattern,,(위험도 판단 설명 없음),(마스킹된 로그가 없습니다 - 원본 로그는 백엔드/sf_logs에서만 유지)
LOG-1763481033211-422,,시스템 배치/감사,exfiltration,Medium,No PII pattern,,(위험도 판단 설명 없음),(마스킹된 로그가 없습니다 - 원본 로그는 백엔드/sf_logs에서만 유지)
LOG-1763481045276-932,,시스템 배치/감사,exfiltration,Medium,No PII pattern,,(위험도 판단 설명 없음),(마스킹된 로그가 없습니다 - 원본 로그는 백엔드/sf_logs에서만 유지)
LOG-1763481051252-42,,시스템 배치/감사,exfiltration,Medium,No PII pattern,,(위험도 판단 설명 없음),(마스킹된 로그가 없습니다 - 원본 로그는 백엔드/sf_logs에서만 유지)
LOG-1763481087242-924,,시스템 배치/감사,exfiltration,Medium,No PII pattern,,(위험도 판단 설명 없음),(마스킹된 로그가 없습니다 - 원본 로그는 백엔드/sf_logs에서만 유지)
LOG-1763481101385-796,,로그인 게이트웨이,credential_abuse,Medium,No PII pattern,,(위험도 판단 설명 없음),(마스킹된 로그가 없습니다 - 원본 로그는 백엔드/sf_logs에서만 유지)
LOG-1763481117210-834,,시스템 배치/감사,exfiltration,Medium,No PII pattern,,(위험도 판단 설명 없음),(마스킹된 로그가 없습니다 - 원본 로그는 백엔드/sf_logs에서만 유지)
LOG-1763481131459-501,,CRM 시스템,exfiltration,Medium,No PII pattern,,(위험도 판단 설명 없음),(마스킹된 로그가 없습니다 - 원본 로그는 백엔드/sf_logs에서만 유지)
LOG-1763481160953-876,,웹 애플리케이션,credential_abuse,Medium,No PII pattern,,(위험도 판단 설명 없음),(마스킹된 로그가 없습니다 - 원본 로그는 백엔드/sf_logs에서만 유지)
LOG-1763481171342-69,,시스템 배치/감사,exfiltration,Medium,No PII pattern,,(위험도 판단 설명 없음),(마스킹된 로그가 없습니다 - 원본 로그는 백엔드/sf_logs에서만 유지)
LOG-1763481177261-702,,시스템 배치/감사,exfiltration,Medium,No PII pattern,,(위험도 판단 설명 없음),(마스킹된 로그가 없습니다 - 원본 로그는 백엔드/sf_logs에서만 유지)
LOG-1763481208929-840,,CRM 시스템,exfiltration,Medium,No PII pattern,,(위험도 판단 설명 없음),(마스킹된 로그가 없습니다 - 원본 로그는 백엔드/sf_logs에서만 유지)
LOG-1763481225276-447,,시스템 배치/감사,exfiltration,Medium,No PII pattern,,(위험도 판단 설명 없음),(마스킹된 로그가 없습니다 - 원본 로그는 백엔드/sf_logs에서만 유지)
LOG-1763481257422-920,,로그인 게이트웨이,credential_abuse,Medium,No PII pattern,,(위험도 판단 설명 없음),(마스킹된 로그가 없습니다 - 원본 로그는 백엔드/sf_logs에서만 유지)
LOG-1763481267217-593,,시스템 배치/감사,exfiltration,Medium,No PII pattern,,(위험도 판단 설명 없음),(마스킹된 로그가 없습니다 - 원본 로그는 백엔드/sf_logs에서만 유지)
LOG-1763481273239-36,,시스템 배치/감사,exfiltration,Medium,No PII pattern,,(위험도 판단 설명 없음),(마스킹된 로그가 없습니다 - 원본 로그는 백엔드/sf_logs에서만 유지)
LOG-1763481287353-765,,CRM 시스템,exfiltration,Medium,No PII pattern,,(위험도 판단 설명 없음),(마스킹된 로그가 없습니다 - 원본 로그는 백엔드/sf_logs에서만 유지)
LOG-1763481291206-960,,시스템 배치/감사,exfiltration,Medium,No PII pattern,,(위험도 판단 설명 없음),(마스킹된 로그가 없습니다 - 원본 로그는 백엔드/sf_logs에서만 유지)
LOG-1763481300091-195,,파일 서버,exfiltration,High,No PII pattern,,(위험도 판단 설명 없음),(마스킹된 로그가 없습니다 - 원본 로그는 백엔드/sf_logs에서만 유지)
LOG-1763481321197-467,,시스템 배치/감사,exfiltration,Medium,No PII pattern,,(위험도 판단 설명 없음),(마스킹된 로그가 없습니다 - 원본 로그는 백엔드/sf_logs에서만 유지)
LOG-1763481333207-846,,시스템 배치/감사,exfiltration,Medium,No PII pattern,,(위험도 판단 설명 없음),(마스킹된 로그가 없습니다 - 원본 로그는 백엔드/sf_logs에서만 유지)
LOG-1763481345286-889,,시스템 배치/감사,exfiltration,Medium,No PII pattern,,(위험도 판단 설명 없음),(마스킹된 로그가 없습니다 - 원본 로그는 백엔드/sf_logs에서만 유지)
LOG-1763481359534-239,,파일 서버,exfiltration,High,No PII pattern,,(위험도 판단 설명 없음),(마스킹된 로그가 없습니다 - 원본 로그는 백엔드/sf_logs에서만 유지)
LOG-1763481388757-251,,웹 애플리케이션,monitoring,Medium,No PII pattern,,(위험도 판단 설명 없음),(마스킹된 로그가 없습니다 - 원본 로그는 백엔드/sf_logs에서만 유지)
LOG-1763481438271-101,,시스템 배치/감사,exfiltration,Medium,No PII pattern,,(위험도 판단 설명 없음),(마스킹된 로그가 없습니다 - 원본 로그는 백엔드/sf_logs에서만 유지)
LOG-1763481447233-173,,시스템 배치/감사,exfiltration,Medium,No PII pattern,,(위험도 판단 설명 없음),(마스킹된 로그가 없습니다 - 원본 로그는 백엔드/sf_logs에서만 유지)
LOG-1763481453219-19,,시스템 배치/감사,exfiltration,Medium,No PII pattern,,(위험도 판단 설명 없음),(마스킹된 로그가 없습니다 - 원본 로그는 백엔드/sf_logs에서만 유지)
LOG-1763481459231-334,,시스템 배치/감사,exfiltration,Medium,No PII pattern,,(위험도 판단 설명 없음),(마스킹된 로그가 없습니다 - 원본 로그는 백엔드/sf_logs에서만 유지)
LOG-1763481483222-807,,시스템 배치/감사,exfiltration,Medium,No PII pattern,,(위험도 판단 설명 없음),(마스킹된 로그가 없습니다 - 원본 로그는 백엔드/sf_logs에서만 유지)
LOG-1763481497113-718,,파일 서버,exfiltration,High,No PII pattern,,(위험도 판단 설명 없음),(마스킹된 로그가 없습니다 - 원본 로그는 백엔드/sf_logs에서만 유지)
LOG-1763481513212-76,,웹 애플리케이션,monitoring,Medium,No PII pattern,,(위험도 판단 설명 없음),(마스킹된 로그가 없습니다 - 원본 로그는 백엔드/sf_logs에서만 유지)
LOG-1763481527299-927,,오브젝트 스토리지,misconfiguration,High,No PII pattern,,(위험도 판단 설명 없음),(마스킹된 로그가 없습니다 - 원본 로그는 백엔드/sf_logs에서만 유지)
LOG-1763481531204-78,,시스템 배치/감사,exfiltration,Medium,No PII pattern,,(위험도 판단 설명 없음),(마스킹된 로그가 없습니다 - 원본 로그는 백엔드/sf_logs에서만 유지)
LOG-1763481555381-90,,시스템 배치/감사,exfiltration,Medium,No PII pattern,,(위험도 판단 설명 없음),(마스킹된 로그가 없습니다 - 원본 로그는 백엔드/sf_logs에서만 유지)
LOG-1763481569284-345,,CRM 시스템,exfiltration,High,No PII pattern,,(위험도 판단 설명 없음),(마스킹된 로그가 없습니다 - 원본 로그는 백엔드/sf_logs에서만 유지)
LOG-1763481581733-702,,CRM 시스템,exfiltration,High,No PII pattern,,(위험도 판단 설명 없음),(마스킹된 로그가 없습니다 - 원본 로그는 백엔드/sf_logs에서만 유지)
LOG-1763481593223-38,,CRM 시스템,exfiltration,High,No PII pattern,,(위험도 판단 설명 없음),(마스킹된 로그가 없습니다 - 원본 로그는 백엔드/sf_logs에서만 유지)
LOG-1763481627246-783,,웹 애플리케이션,monitoring,Medium,No PII pattern,,(위험도 판단 설명 없음),(마스킹된 로그가 없습니다 - 원본 로그는 백엔드/sf_logs에서만 유지)
LOG-1763481633225-64,,시스템 배치/감사,exfiltration,Medium,No PII pattern,,(위험도 판단 설명 없음),(마스킹된 로그가 없습니다 - 원본 로그는 백엔드/sf_logs에서만 유지)
LOG-1763481645296-901,,시스템 배치/감사,exfiltration,Medium,No PII pattern,,(위험도 판단 설명 없음),(마스킹된 로그가 없습니다 - 원본 로그는 백엔드/sf_logs에서만 유지)
LOG-1763481653810-611,,로그인 게이트웨이,credential_abuse,Medium,No PII pattern,,(위험도 판단 설명 없음),(마스킹된 로그가 없습니다 - 원본 로그는 백엔드/sf_logs에서만 유지)
LOG-1763481681248-779,,시스템 배치/감사,exfiltration,Medium,No PII pattern,,(위험도 판단 설명 없음),(마스킹된 로그가 없습니다 - 원본 로그는 백엔드/sf_logs에서만 유지)
LOG-1763481700839-704,,로그인 게이트웨이,credential_abuse,Medium,No PII pattern,,(위험도 판단 설명 없음),(마스킹된 로그가 없습니다 - 원본 로그는 백엔드/sf_logs에서만 유지)
LOG-1763481730982-500,,로그인 게이트웨이,credential_abuse,Medium,No PII pattern,,(위험도 판단 설명 없음),(마스킹된 로그가 없습니다 - 원본 로그는 백엔드/sf_logs에서만 유지)
LOG-1763481753250-831,,시스템 배치/감사,exfiltration,Medium,No PII pattern,,(위험도 판단 설명 없음),(마스킹된 로그가 없습니다 - 원본 로그는 백엔드/sf_logs에서만 유지)
LOG-1763481771304-351,,시스템 배치/감사,exfiltration,Medium,No PII pattern,,(위험도 판단 설명 없음),(마스킹된 로그가 없습니다 - 원본 로그는 백엔드/sf_logs에서만 유지)
LOG-1763481773080-232,,오브젝트 스토리지,misconfiguration,High,No PII pattern,,(위험도 판단 설명 없음),(마스킹된 로그가 없습니다 - 원본 로그는 백엔드/sf_logs에서만 유지)
LOG-1763481778945-651,,웹 애플리케이션,monitoring,Medium,No PII pattern,,(위험도 판단 설명 없음),(마스킹된 로그가 없습니다 - 원본 로그는 백엔드/sf_logs에서만 유지)
LOG-1763481789217-902,,시스템 배치/감사,exfiltration,Medium,No PII pattern,,(위험도 판단 설명 없음),(마스킹된 로그가 없습니다 - 원본 로그는 백엔드/sf_logs에서만 유지)
LOG-1763481797639-100,,웹 애플리케이션,monitoring,Medium,No PII pattern,,(위험도 판단 설명 없음),(마스킹된 로그가 없습니다 - 원본 로그는 백엔드/sf_logs에서만 유지)
LOG-1763481807208-18,,시스템 배치/감사,exfiltration,Medium,No PII pattern,,(위험도 판단 설명 없음),(마스킹된 로그가 없습니다 - 원본 로그는 백엔드/sf_logs에서만 유지)
LOG-1763481813204-769,,시스템 배치/감사,exfiltration,Medium,No PII pattern,,(위험도 판단 설명 없음),(마스킹된 로그가 없습니다 - 원본 로그는 백엔드/sf_logs에서만 유지)
LOG-1763481843251-748,,시스템 배치/감사,exfiltration,Medium,No PII pattern,,(위험도 판단 설명 없음),(마스킹된 로그가 없습니다 - 원본 로그는 백엔드/sf_logs에서만 유지)
LOG-1763481851184-683,,오브젝트 스토리지,exfiltration,High,No PII pattern,,(위험도 판단 설명 없음),(마스킹된 로그가 없습니다 - 원본 로그는 백엔드/sf_logs에서만 유지)
LOG-1763481861210-888,,시스템 배치/감사,exfiltration,Medium,No PII pattern,,(위험도 판단 설명 없음),(마스킹된 로그가 없습니다 - 원본 로그는 백엔드/sf_logs에서만 유지)
LOG-1763481891218-485,,시스템 배치/감사,exfiltration,Medium,No PII pattern,,(위험도 판단 설명 없음),(마스킹된 로그가 없습니다 - 원본 로그는 백엔드/sf_logs에서만 유지)
LOG-1763481915306-831,,시스템 배치/감사,exfiltration,Medium,No PII pattern,,(위험도 판단 설명 없음),(마스킹된 로그가 없습니다 - 원본 로그는 백엔드/sf_logs에서만 유지)
LOG-1763481923018-354,,웹 애플리케이션,monitoring,Medium,No PII pattern,,(위험도 판단 설명 없음),(마스킹된 로그가 없습니다 - 원본 로그는 백엔드/sf_logs에서만 유지)
LOG-1763481934953-51,,웹 애플리케이션,monitoring,Medium,No PII pattern,,(위험도 판단 설명 없음),(마스킹된 로그가 없습니다 - 원본 로그는 백엔드/sf_logs에서만 유지)
LOG-1763481969207-315,,웹 애플리케이션,monitoring,Medium,No PII pattern,,(위험도 판단 설명 없음),(마스킹된 로그가 없습니다 - 원본 로그는 백엔드/sf_logs에서만 유지)
LOG-1763482000878-146,,로그인 게이트웨이,credential_abuse,Medium,No PII pattern,,(위험도 판단 설명 없음),(마스킹된 로그가 없습니다 - 원본 로그는 백엔드/sf_logs에서만 유지)
LOG-1763482005268-226,,시스템 배치/감사,exfiltration,Medium,No PII pattern,,(위험도 판단 설명 없음),(마스킹된 로그가 없습니다 - 원본 로그는 백엔드/sf_logs에서만 유지)
LOG-1763482043009-715,,웹 애플리케이션,monitoring,Medium,No PII pattern,,(위험도 판단 설명 없음),(마스킹된 로그가 없습니다 - 원본 로그는 백엔드/sf_logs에서만 유지)
LOG-1763482083206-572,,시스템 배치/감사,exfiltration,Medium,No PII pattern,,(위험도 판단 설명 없음),(마스킹된 로그가 없습니다 - 원본 로그는 백엔드/sf_logs에서만 유지)
LOG-1763482089220-16,,시스템 배치/감사,exfiltration,Medium,No PII pattern,,(위험도 판단 설명 없음),(마스킹된 로그가 없습니다 - 원본 로그는 백엔드/sf_logs에서만 유지)
LOG-1763482107222-502,,시스템 배치/감사,exfiltration,Medium,No PII pattern,,(위험도 판단 설명 없음),(마스킹된 로그가 없습니다 - 원본 로그는 백엔드/sf_logs에서만 유지)
LOG-1763482113213-942,,시스템 배치/감사,exfiltration,Medium,No PII pattern,,(위험도 판단 설명 없음),(마스킹된 로그가 없습니다 - 원본 로그는 백엔드/sf_logs에서만 유지)
LOG-1763482167203-933,,웹 애플리케이션,monitoring,Medium,No PII pattern,,(위험도 판단 설명 없음),(마스킹된 로그가 없습니다 - 원본 로그는 백엔드/sf_logs에서만 유지)
LOG-1763482174769-111,,웹 애플리케이션,monitoring,Medium,No PII pattern,,(위험도 판단 설명 없음),(마스킹된 로그가 없습니다 - 원본 로그는 백엔드/sf_logs에서만 유지)
LOG-1763482185262-129,,웹 애플리케이션,monitoring,Medium,No PII pattern,,(위험도 판단 설명 없음),(마스킹된 로그가 없습니다 - 원본 로그는 백엔드/sf_logs에서만 유지)
LOG-1763482197222-890,,시스템 배치/감사,exfiltration,Medium,No PII pattern,,(위험도 판단 설명 없음),(마스킹된 로그가 없습니다 - 원본 로그는 백엔드/sf_logs에서만 유지)
LOG-1763482221215-144,,시스템 배치/감사,exfiltration,Medium,No PII pattern,,(위험도 판단 설명 없음),(마스킹된 로그가 없습니다 - 원본 로그는 백엔드/sf_logs에서만 유지)
LOG-1763482233202-86,,시스템 배치/감사,exfiltration,Medium,No PII pattern,,(위험도 판단 설명 없음),(마스킹된 로그가 없습니다 - 원본 로그는 백엔드/sf_logs에서만 유지)
LOG-1763482239191-896,,시스템 배치/감사,exfiltration,Medium,No PII pattern,,(위험도 판단 설명 없음),(마스킹된 로그가 없습니다 - 원본 로그는 백엔드/sf_logs에서만 유지)
LOG-1763482257217-718,,시스템 배치/감사,exfiltration,Medium,No PII pattern,,(위험도 판단 설명 없음),(마스킹된 로그가 없습니다 - 원본 로그는 백엔드/sf_logs에서만 유지)
LOG-1763482311208-475,,시스템 배치/감사,exfiltration,Medium,No PII pattern,,(위험도 판단 설명 없음),(마스킹된 로그가 없습니다 - 원본 로그는 백엔드/sf_logs에서만 유지)
LOG-1763482317218-16,,시스템 배치/감사,exfiltration,Medium,No PII pattern,,(위험도 판단 설명 없음),(마스킹된 로그가 없습니다 - 원본 로그는 백엔드/sf_logs에서만 유지)
LOG-1763482348953-530,,CRM 시스템,exfiltration,Medium,No PII pattern,,(위험도 판단 설명 없음),(마스킹된 로그가 없습니다 - 원본 로그는 백엔드/sf_logs에서만 유지)
LOG-1763482377238-221,,시스템 배치/감사,exfiltration,Medium,No PII pattern,,(위험도 판단 설명 없음),(마스킹된 로그가 없습니다 - 원본 로그는 백엔드/sf_logs에서만 유지)
LOG-1763482396934-665,,오브젝트 스토리지,misconfiguration,High,No PII pattern,,(위험도 판단 설명 없음),(마스킹된 로그가 없습니다 - 원본 로그는 백엔드/sf_logs에서만 유지)
LOG-1763482397337-900,,웹 애플리케이션,monitoring,Medium,No PII pattern,,(위험도 판단 설명 없음),(마스킹된 로그가 없습니다 - 원본 로그는 백엔드/sf_logs에서만 유지)
LOG-1763482402999-239,,파일 서버,exfiltration,High,No PII pattern,,(위험도 판단 설명 없음),(마스킹된 로그가 없습니다 - 원본 로그는 백엔드/sf_logs에서만 유지)
LOG-1763482415224-203,,로그인 게이트웨이,credential_abuse,Medium,No PII pattern,,(위험도 판단 설명 없음),(마스킹된 로그가 없습니다 - 원본 로그는 백엔드/sf_logs에서만 유지)
LOG-1763482437223-483,,시스템 배치/감사,exfiltration,Medium,No PII pattern,,(위험도 판단 설명 없음),(마스킹된 로그가 없습니다 - 원본 로그는 백엔드/sf_logs에서만 유지)
LOG-1763482467250-83,,시스템 배치/감사,exfiltration,Medium,No PII pattern,,(위험도 판단 설명 없음),(마스킹된 로그가 없습니다 - 원본 로그는 백엔드/sf_logs에서만 유지)
LOG-1763482473216-51,,시스템 배치/감사,exfiltration,Medium,No PII pattern,,(위험도 판단 설명 없음),(마스킹된 로그가 없습니다 - 원본 로그는 백엔드/sf_logs에서만 유지)
LOG-1763482485291-206,,시스템 배치/감사,exfiltration,Medium,No PII pattern,,(위험도 판단 설명 없음),(마스킹된 로그가 없습니다 - 원본 로그는 백엔드/sf_logs에서만 유지)
LOG-1763482491213-490,,시스템 배치/감사,exfiltration,Medium,No PII pattern,,(위험도 판단 설명 없음),(마스킹된 로그가 없습니다 - 원본 로그는 백엔드/sf_logs에서만 유지)
LOG-1763482529252-946,,오브젝트 스토리지,misconfiguration,High,No PII pattern,,(위험도 판단 설명 없음),(마스킹된 로그가 없습니다 - 원본 로그는 백엔드/sf_logs에서만 유지)
LOG-1763482551210-981,,시스템 배치/감사,exfiltration,Medium,No PII pattern,,(위험도 판단 설명 없음),(마스킹된 로그가 없습니다 - 원본 로그는 백엔드/sf_logs에서만 유지)
LOG-1763482583190-133,,파일 서버,exfiltration,High,No PII pattern,,(위험도 판단 설명 없음),(마스킹된 로그가 없습니다 - 원본 로그는 백엔드/sf_logs에서만 유지)
LOG-1763482589256-986,,CRM 시스템,exfiltration,High,No PII pattern,,(위험도 판단 설명 없음),(마스킹된 로그가 없습니다 - 원본 로그는 백엔드/sf_logs에서만 유지)
LOG-1763482613447-7,,CRM 시스템,exfiltration,High,No PII pattern,,(위험도 판단 설명 없음),(마스킹된 로그가 없습니다 - 원본 로그는 백엔드/sf_logs에서만 유지)
LOG-1763482629238-259,,시스템 배치/감사,exfiltration,Medium,No PII pattern,,(위험도 판단 설명 없음),(마스킹된 로그가 없습니다 - 원본 로그는 백엔드/sf_logs에서만 유지)
LOG-1763482655300-551,,웹 애플리케이션,monitoring,Medium,No PII pattern,,(위험도 판단 설명 없음),(마스킹된 로그가 없습니다 - 원본 로그는 백엔드/sf_logs에서만 유지)
LOG-1763482671197-922,,시스템 배치/감사,exfiltration,Medium,No PII pattern,,(위험도 판단 설명 없음),(마스킹된 로그가 없습니다 - 원본 로그는 백엔드/sf_logs에서만 유지)
LOG-1763482721190-3,,로그인 게이트웨이,credential_abuse,Medium,No PII pattern,,(위험도 판단 설명 없음),(마스킹된 로그가 없습니다 - 원본 로그는 백엔드/sf_logs에서만 유지)
LOG-1763482749217-712,,시스템 배치/감사,exfiltration,Medium,No PII pattern,,(위험도 판단 설명 없음),(마스킹된 로그가 없습니다 - 원본 로그는 백엔드/sf_logs에서만 유지)
LOG-1763482791217-47,,시스템 배치/감사,exfiltration,Medium,No PII pattern,,(위험도 판단 설명 없음),(마스킹된 로그가 없습니다 - 원본 로그는 백엔드/sf_logs에서만 유지)
LOG-1763482809213-273,,시스템 배치/감사,exfiltration,Medium,No PII pattern,,(위험도 판단 설명 없음),(마스킹된 로그가 없습니다 - 원본 로그는 백엔드/sf_logs에서만 유지)
LOG-1763482823213-970,,로그인 게이트웨이,monitoring,Medium,No PII pattern,,(위험도 판단 설명 없음),(마스킹된 로그가 없습니다 - 원본 로그는 백엔드/sf_logs에서만 유지)
LOG-1763482835156-597,,파일 서버,exfiltration,High,No PII pattern,,(위험도 판단 설명 없음),(마스킹된 로그가 없습니다 - 원본 로그는 백엔드/sf_logs에서만 유지)
LOG-1763482839235-112,,시스템 배치/감사,exfiltration,Medium,No PII pattern,,(위험도 판단 설명 없음),(마스킹된 로그가 없습니다 - 원본 로그는 백엔드/sf_logs에서만 유지)
LOG-1763482863216-266,,시스템 배치/감사,exfiltration,Medium,No PII pattern,,(위험도 판단 설명 없음),(마스킹된 로그가 없습니다 - 원본 로그는 백엔드/sf_logs에서만 유지)
LOG-1763482871163-330,,CRM 시스템,exfiltration,Medium,No PII pattern,,(위험도 판단 설명 없음),(마스킹된 로그가 없습니다 - 원본 로그는 백엔드/sf_logs에서만 유지)
LOG-1763482883077-391,,CRM 시스템,exfiltration,High,No PII pattern,,(위험도 판단 설명 없음),(마스킹된 로그가 없습니다 - 원본 로그는 백엔드/sf_logs에서만 유지)
LOG-1763482887214-781,,시스템 배치/감사,exfiltration,Medium,No PII pattern,,(위험도 판단 설명 없음),(마스킹된 로그가 없습니다 - 원본 로그는 백엔드/sf_logs에서만 유지)
LOG-1763482899233-389,,웹 애플리케이션,monitoring,Medium,No PII pattern,,(위험도 판단 설명 없음),(마스킹된 로그가 없습니다 - 원본 로그는 백엔드/sf_logs에서만 유지)
LOG-1763482908285-879,,시스템 배치/감사,exfiltration,Medium,No PII pattern,,(위험도 판단 설명 없음),(마스킹된 로그가 없습니다 - 원본 로그는 백엔드/sf_logs에서만 유지)
LOG-1763482941205-657,,시스템 배치/감사,exfiltration,Medium,No PII pattern,,(위험도 판단 설명 없음),(마스킹된 로그가 없습니다 - 원본 로그는 백엔드/sf_logs에서만 유지)
LOG-1763482947207-942,,시스템 배치/감사,exfiltration,Medium,No PII pattern,,(위험도 판단 설명 없음),(마스킹된 로그가 없습니다 - 원본 로그는 백엔드/sf_logs에서만 유지)
LOG-1763482959216-428,,웹 애플리케이션,monitoring,Medium,No PII pattern,,(위험도 판단 설명 없음),(마스킹된 로그가 없습니다 - 원본 로그는 백엔드/sf_logs에서만 유지)
LOG-1763482971213-333,,시스템 배치/감사,exfiltration,Medium,No PII pattern,,(위험도 판단 설명 없음),(마스킹된 로그가 없습니다 - 원본 로그는 백엔드/sf_logs에서만 유지)
LOG-1763482977209-42,,시스템 배치/감사,exfiltration,Medium,No PII pattern,,(위험도 판단 설명 없음),(마스킹된 로그가 없습니다 - 원본 로그는 백엔드/sf_logs에서만 유지)
LOG-1763483003596-519,,파일 서버,exfiltration,High,No PII pattern,,(위험도 판단 설명 없음),(마스킹된 로그가 없습니다 - 원본 로그는 백엔드/sf_logs에서만 유지)
LOG-1763483037213-151,,시스템 배치/감사,exfiltration,Medium,No PII pattern,,(위험도 판단 설명 없음),(마스킹된 로그가 없습니다 - 원본 로그는 백엔드/sf_logs에서만 유지)
LOG-1763483043205-447,,시스템 배치/감사,exfiltration,Medium,No PII pattern,,(위험도 판단 설명 없음),(마스킹된 로그가 없습니다 - 원본 로그는 백엔드/sf_logs에서만 유지)
LOG-1763483056900-518,,CRM 시스템,exfiltration,High,No PII pattern,,(위험도 판단 설명 없음),(마스킹된 로그가 없습니다 - 원본 로그는 백엔드/sf_logs에서만 유지)
LOG-1763483061194-851,,시스템 배치/감사,exfiltration,Medium,No PII pattern,,(위험도 판단 설명 없음),(마스킹된 로그가 없습니다 - 원본 로그는 백엔드/sf_logs에서만 유지)
LOG-1763483080903-51,,CRM 시스템,exfiltration,High,No PII pattern,,(위험도 판단 설명 없음),(마스킹된 로그가 없습니다 - 원본 로그는 백엔드/sf_logs에서만 유지)
LOG-1763483091225-134,,시스템 배치/감사,exfiltration,Medium,No PII pattern,,(위험도 판단 설명 없음),(마스킹된 로그가 없습니다 - 원본 로그는 백엔드/sf_logs에서만 유지)
LOG-1763483109201-265,,시스템 배치/감사,exfiltration,Medium,No PII pattern,,(위험도 판단 설명 없음),(마스킹된 로그가 없습니다 - 원본 로그는 백엔드/sf_logs에서만 유지)
LOG-1763483115262-924,,웹 애플리케이션,monitoring,Medium,No PII pattern,,(위험도 판단 설명 없음),(마스킹된 로그가 없습니다 - 원본 로그는 백엔드/sf_logs에서만 유지)
LOG-1763483146990-563,,오브젝트 스토리지,misconfiguration,High,No PII pattern,,(위험도 판단 설명 없음),(마스킹된 로그가 없습니다 - 원본 로그는 백엔드/sf_logs에서만 유지)
LOG-1763483159232-69,,로그인 게이트웨이,credential_abuse,Medium,No PII pattern,,(위험도 판단 설명 없음),(마스킹된 로그가 없습니다 - 원본 로그는 백엔드/sf_logs에서만 유지)
LOG-1763483169208-420,,시스템 배치/감사,exfiltration,Medium,No PII pattern,,(위험도 판단 설명 없음),(마스킹된 로그가 없습니다 - 원본 로그는 백엔드/sf_logs에서만 유지)
LOG-1763483178278-373,,시스템 배치/감사,exfiltration,Medium,No PII pattern,,(위험도 판단 설명 없음),(마스킹된 로그가 없습니다 - 원본 로그는 백엔드/sf_logs에서만 유지)
LOG-1763483193231-417,,시스템 배치/감사,exfiltration,Medium,No PII pattern,,(위험도 판단 설명 없음),(마스킹된 로그가 없습니다 - 원본 로그는 백엔드/sf_logs에서만 유지)
LOG-1763483201050-914,,로그인 게이트웨이,credential_abuse,Medium,No PII pattern,,(위험도 판단 설명 없음),(마스킹된 로그가 없습니다 - 원본 로그는 백엔드/sf_logs에서만 유지)
LOG-1763483211322-770,,시스템 배치/감사,exfiltration,Medium,No PII pattern,,(위험도 판단 설명 없음),(마스킹된 로그가 없습니다 - 원본 로그는 백엔드/sf_logs에서만 유지)
LOG-1763483241218-736,,시스템 배치/감사,exfiltration,Medium,No PII pattern,,(위험도 판단 설명 없음),(마스킹된 로그가 없습니다 - 원본 로그는 백엔드/sf_logs에서만 유지)
LOG-1763483265313-702,,시스템 배치/감사,exfiltration,Medium,No PII pattern,,(위험도 판단 설명 없음),(마스킹된 로그가 없습니다 - 원본 로그는 백엔드/sf_logs에서만 유지)
LOG-1763483307222-574,,시스템 배치/감사,exfiltration,Medium,No PII pattern,,(위험도 판단 설명 없음),(마스킹된 로그가 없습니다 - 원본 로그는 백엔드/sf_logs에서만 유지)
LOG-1763483379211-133,,시스템 배치/감사,exfiltration,Medium,No PII pattern,,(위험도 판단 설명 없음),(마스킹된 로그가 없습니다 - 원본 로그는 백엔드/sf_logs에서만 유지)
LOG-1763483385327-334,,시스템 배치/감사,exfiltration,Medium,No PII pattern,,(위험도 판단 설명 없음),(마스킹된 로그가 없습니다 - 원본 로그는 백엔드/sf_logs에서만 유지)
LOG-1763483409215-852,,시스템 배치/감사,exfiltration,Medium,No PII pattern,,(위험도 판단 설명 없음),(마스킹된 로그가 없습니다 - 원본 로그는 백엔드/sf_logs에서만 유지)
LOG-1763483418089-581,,로그인 게이트웨이,credential_abuse,Medium,No PII pattern,,(위험도 판단 설명 없음),(마스킹된 로그가 없습니다 - 원본 로그는 백엔드/sf_logs에서만 유지)
LOG-1763483423523-656,,파일 서버,exfiltration,High,No PII pattern,,(위험도 판단 설명 없음),(마스킹된 로그가 없습니다 - 원본 로그는 백엔드/sf_logs에서만 유지)
LOG-1763483453293-593,,로그인 게이트웨이,credential_abuse,Medium,No PII pattern,,(위험도 판단 설명 없음),(마스킹된 로그가 없습니다 - 원본 로그는 백엔드/sf_logs에서만 유지)
LOG-1763483458877-252,,로그인 게이트웨이,credential_abuse,High,No PII pattern,,(위험도 판단 설명 없음),(마스킹된 로그가 없습니다 - 원본 로그는 백엔드/sf_logs에서만 유지)
LOG-1763483463236-76,,웹 애플리케이션,monitoring,Medium,No PII pattern,,(위험도 판단 설명 없음),(마스킹된 로그가 없습니다 - 원본 로그는 백엔드/sf_logs에서만 유지)
LOG-1763483475284-970,,시스템 배치/감사,exfiltration,Medium,No PII pattern,,(위험도 판단 설명 없음),(마스킹된 로그가 없습니다 - 원본 로그는 백엔드/sf_logs에서만 유지)
LOG-1763483489038-208,,CRM 시스템,exfiltration,High,No PII pattern,,(위험도 판단 설명 없음),(마스킹된 로그가 없습니다 - 원본 로그는 백엔드/sf_logs에서만 유지)
LOG-1763483541205-110,,시스템 배치/감사,exfiltration,Medium,No PII pattern,,(위험도 판단 설명 없음),(마스킹된 로그가 없습니다 - 원본 로그는 백엔드/sf_logs에서만 유지)
LOG-1763483549366-290,,CRM 시스템,exfiltration,High,No PII pattern,,(위험도 판단 설명 없음),(마스킹된 로그가 없습니다 - 원본 로그는 백엔드/sf_logs에서만 유지)
LOG-1763483553229-471,,시스템 배치/감사,exfiltration,Medium,No PII pattern,,(위험도 판단 설명 없음),(마스킹된 로그가 없습니다 - 원본 로그는 백엔드/sf_logs에서만 유지)
LOG-1763483613223-374,,시스템 배치/감사,exfiltration,Medium,No PII pattern,,(위험도 판단 설명 없음),(마스킹된 로그가 없습니다 - 원본 로그는 백엔드/sf_logs에서만 유지)
LOG-1763483621231-280,,CRM 시스템,exfiltration,Medium,No PII pattern,,(위험도 판단 설명 없음),(마스킹된 로그가 없습니다 - 원본 로그는 백엔드/sf_logs에서만 유지)
LOG-1763483627505-23,,웹 애플리케이션,monitoring,Medium,No PII pattern,,(위험도 판단 설명 없음),(마스킹된 로그가 없습니다 - 원본 로그는 백엔드/sf_logs에서만 유지)
LOG-1763483661223-891,,시스템 배치/감사,exfiltration,Medium,No PII pattern,,(위험도 판단 설명 없음),(마스킹된 로그가 없습니다 - 원본 로그는 백엔드/sf_logs에서만 유지)
LOG-1763483667222-370,,시스템 배치/감사,exfiltration,Medium,No PII pattern,,(위험도 판단 설명 없음),(마스킹된 로그가 없습니다 - 원본 로그는 백엔드/sf_logs에서만 유지)
LOG-1763483711181-908,,CRM 시스템,exfiltration,Medium,No PII pattern,,(위험도 판단 설명 없음),(마스킹된 로그가 없습니다 - 원본 로그는 백엔드/sf_logs에서만 유지)
LOG-1763483715296-772,,웹 애플리케이션,monitoring,Medium,No PII pattern,,(위험도 판단 설명 없음),(마스킹된 로그가 없습니다 - 원본 로그는 백엔드/sf_logs에서만 유지)
LOG-1763483723878-828,,로그인 게이트웨이,credential_abuse,Medium,No PII pattern,,(위험도 판단 설명 없음),(마스킹된 로그가 없습니다 - 원본 로그는 백엔드/sf_logs에서만 유지)
LOG-1763483727216-589,,시스템 배치/감사,exfiltration,Medium,No PII pattern,,(위험도 판단 설명 없음),(마스킹된 로그가 없습니다 - 원본 로그는 백엔드/sf_logs에서만 유지)
LOG-1763483733253-249,,시스템 배치/감사,exfiltration,Medium,No PII pattern,,(위험도 판단 설명 없음),(마스킹된 로그가 없습니다 - 원본 로그는 백엔드/sf_logs에서만 유지)
LOG-1763483787223-409,,시스템 배치/감사,exfiltration,Medium,No PII pattern,,(위험도 판단 설명 없음),(마스킹된 로그가 없습니다 - 원본 로그는 백엔드/sf_logs에서만 유지)
LOG-1763483824917-431,,오브젝트 스토리지,exfiltration,High,No PII pattern,,(위험도 판단 설명 없음),(마스킹된 로그가 없습니다 - 원본 로그는 백엔드/sf_logs에서만 유지)
LOG-1763483841229-648,,웹 애플리케이션,monitoring,Medium,No PII pattern,,(위험도 판단 설명 없음),(마스킹된 로그가 없습니다 - 원본 로그는 백엔드/sf_logs에서만 유지)
LOG-1763483847214-612,,시스템 배치/감사,exfiltration,Medium,No PII pattern,,(위험도 판단 설명 없음),(마스킹된 로그가 없습니다 - 원본 로그는 백엔드/sf_logs에서만 유지)
LOG-1763483859221-949,,시스템 배치/감사,exfiltration,Medium,No PII pattern,,(위험도 판단 설명 없음),(마스킹된 로그가 없습니다 - 원본 로그는 백엔드/sf_logs에서만 유지)
LOG-1763483874328-129,,시스템 배치/감사,exfiltration,Medium,No PII pattern,,(위험도 판단 설명 없음),(마스킹된 로그가 없습니다 - 원본 로그는 백엔드/sf_logs에서만 유지)
LOG-1763483909676-678,,CRM 시스템,exfiltration,Medium,No PII pattern,,(위험도 판단 설명 없음),(마스킹된 로그가 없습니다 - 원본 로그는 백엔드/sf_logs에서만 유지)
LOG-1763483913215-5,,시스템 배치/감사,exfiltration,Medium,No PII pattern,,(위험도 판단 설명 없음),(마스킹된 로그가 없습니다 - 원본 로그는 백엔드/sf_logs에서만 유지)
LOG-1763483973225-929,,시스템 배치/감사,exfiltration,Medium,No PII pattern,,(위험도 판단 설명 없음),(마스킹된 로그가 없습니다 - 원본 로그는 백엔드/sf_logs에서만 유지)
LOG-1763483979227-135,,웹 애플리케이션,monitoring,Medium,No PII pattern,,(위험도 판단 설명 없음),(마스킹된 로그가 없습니다 - 원본 로그는 백엔드/sf_logs에서만 유지)
LOG-1763484009219-224,,시스템 배치/감사,exfiltration,Medium,No PII pattern,,(위험도 판단 설명 없음),(마스킹된 로그가 없습니다 - 원본 로그는 백엔드/sf_logs에서만 유지)
LOG-1763484020353-829,,오브젝트 스토리지,exfiltration,High,No PII pattern,,(위험도 판단 설명 없음),(마스킹된 로그가 없습니다 - 원본 로그는 백엔드/sf_logs에서만 유지)
LOG-1763484027219-895,,시스템 배치/감사,exfiltration,Medium,No PII pattern,,(위험도 판단 설명 없음),(마스킹된 로그가 없습니다 - 원본 로그는 백엔드/sf_logs에서만 유지)
LOG-1763484033243-458,,시스템 배치/감사,exfiltration,Medium,No PII pattern,,(위험도 판단 설명 없음),(마스킹된 로그가 없습니다 - 원본 로그는 백엔드/sf_logs에서만 유지)
LOG-1763484041867-161,,로그인 게이트웨이,credential_abuse,Medium,No PII pattern,,(위험도 판단 설명 없음),(마스킹된 로그가 없습니다 - 원본 로그는 백엔드/sf_logs에서만 유지)
LOG-1763484153317-525,,시스템 배치/감사,exfiltration,Medium,No PII pattern,,(위험도 판단 설명 없음),(마스킹된 로그가 없습니다 - 원본 로그는 백엔드/sf_logs에서만 유지)
LOG-1763484161318-471,,오브젝트 스토리지,exfiltration,High,No PII pattern,,(위험도 판단 설명 없음),(마스킹된 로그가 없습니다 - 원본 로그는 백엔드/sf_logs에서만 유지)
LOG-1763484168304-402,,시스템 배치/감사,exfiltration,Medium,No PII pattern,,(위험도 판단 설명 없음),(마스킹된 로그가 없습니다 - 원본 로그는 백엔드/sf_logs에서만 유지)
LOG-1763484177368-132,,시스템 배치/감사,exfiltration,Medium,No PII pattern,,(위험도 판단 설명 없음),(마스킹된 로그가 없습니다 - 원본 로그는 백엔드/sf_logs에서만 유지)
LOG-1763484201332-760,,시스템 배치/감사,exfiltration,Medium,No PII pattern,,(위험도 판단 설명 없음),(마스킹된 로그가 없습니다 - 원본 로그는 백엔드/sf_logs에서만 유지)
LOG-1763484219208-946,,시스템 배치/감사,exfiltration,Medium,No PII pattern,,(위험도 판단 설명 없음),(마스킹된 로그가 없습니다 - 원본 로그는 백엔드/sf_logs에서만 유지)
LOG-1763484291311-807,,시스템 배치/감사,exfiltration,Medium,No PII pattern,,(위험도 판단 설명 없음),(마스킹된 로그가 없습니다 - 원본 로그는 백엔드/sf_logs에서만 유지)
LOG-1763484339226-305,,웹 애플리케이션,monitoring,Medium,No PII pattern,,(위험도 판단 설명 없음),(마스킹된 로그가 없습니다 - 원본 로그는 백엔드/sf_logs에서만 유지)
LOG-1763484357213-830,,시스템 배치/감사,exfiltration,Medium,No PII pattern,,(위험도 판단 설명 없음),(마스킹된 로그가 없습니다 - 원본 로그는 백엔드/sf_logs에서만 유지)
LOG-1763484371076-647,,웹 애플리케이션,monitoring,Medium,No PII pattern,,(위험도 판단 설명 없음),(마스킹된 로그가 없습니다 - 원본 로그는 백엔드/sf_logs에서만 유지)
LOG-1763484393213-222,,시스템 배치/감사,exfiltration,Medium,No PII pattern,,(위험도 판단 설명 없음),(마스킹된 로그가 없습니다 - 원본 로그는 백엔드/sf_logs에서만 유지)
LOG-1763484423213-945,,웹 애플리케이션,monitoring,Medium,No PII pattern,,(위험도 판단 설명 없음),(마스킹된 로그가 없습니다 - 원본 로그는 백엔드/sf_logs에서만 유지)
LOG-1763484436955-39,,오브젝트 스토리지,misconfiguration,High,No PII pattern,,(위험도 판단 설명 없음),(마스킹된 로그가 없습니다 - 원본 로그는 백엔드/sf_logs에서만 유지)
LOG-1763484473179-233,,CRM 시스템,exfiltration,Medium,No PII pattern,,(위험도 판단 설명 없음),(마스킹된 로그가 없습니다 - 원본 로그는 백엔드/sf_logs에서만 유지)
LOG-1763484491083-589,,오브젝트 스토리지,misconfiguration,High,No PII pattern,,(위험도 판단 설명 없음),(마스킹된 로그가 없습니다 - 원본 로그는 백엔드/sf_logs에서만 유지)
LOG-1763484513229-951,,시스템 배치/감사,exfiltration,Medium,No PII pattern,,(위험도 판단 설명 없음),(마스킹된 로그가 없습니다 - 원본 로그는 백엔드/sf_logs에서만 유지)
LOG-1763484522476-259,,CRM 시스템,exfiltration,High,No PII pattern,,(위험도 판단 설명 없음),(마스킹된 로그가 없습니다 - 원본 로그는 백엔드/sf_logs에서만 유지)
LOG-1763484556810-188,,로그인 게이트웨이,credential_abuse,Medium,No PII pattern,,(위험도 판단 설명 없음),(마스킹된 로그가 없습니다 - 원본 로그는 백엔드/sf_logs에서만 유지)
LOG-1763484561223-50,,시스템 배치/감사,exfiltration,Medium,No PII pattern,,(위험도 판단 설명 없음),(마스킹된 로그가 없습니다 - 원본 로그는 백엔드/sf_logs에서만 유지)
LOG-1763484580851-278,,웹 애플리케이션,monitoring,Medium,No PII pattern,,(위험도 판단 설명 없음),(마스킹된 로그가 없습니다 - 원본 로그는 백엔드/sf_logs에서만 유지)
LOG-1763484585296-300,,시스템 배치/감사,exfiltration,Medium,No PII pattern,,(위험도 판단 설명 없음),(마스킹된 로그가 없습니다 - 원본 로그는 백엔드/sf_logs에서만 유지)
LOG-1763484611025-245,,오브젝트 스토리지,misconfiguration,High,No PII pattern,,(위험도 판단 설명 없음),(마스킹된 로그가 없습니다 - 원본 로그는 백엔드/sf_logs에서만 유지)
LOG-1763484628844-471,,로그인 게이트웨이,credential_abuse,Medium,No PII pattern,,(위험도 판단 설명 없음),(마스킹된 로그가 없습니다 - 원본 로그는 백엔드/sf_logs에서만 유지)
LOG-1763484671113-254,,CRM 시스템,exfiltration,Medium,No PII pattern,,(위험도 판단 설명 없음),(마스킹된 로그가 없습니다 - 원본 로그는 백엔드/sf_logs에서만 유지)
LOG-1763484681234-511,,시스템 배치/감사,exfiltration,Medium,No PII pattern,,(위험도 판단 설명 없음),(마스킹된 로그가 없습니다 - 원본 로그는 백엔드/sf_logs에서만 유지)
LOG-1763484695192-183,,오브젝트 스토리지,misconfiguration,High,No PII pattern,,(위험도 판단 설명 없음),(마스킹된 로그가 없습니다 - 원본 로그는 백엔드/sf_logs에서만 유지)
LOG-1763484735140-951,,시스템 배치/감사,exfiltration,Medium,No PII pattern,,(위험도 판단 설명 없음),(마스킹된 로그가 없습니다 - 원본 로그는 백엔드/sf_logs에서만 유지)
LOG-1763484755014-371,,로그인 게이트웨이,credential_abuse,Medium,No PII pattern,,(위험도 판단 설명 없음),(마스킹된 로그가 없습니다 - 원본 로그는 백엔드/sf_logs에서만 유지)
LOG-1763484777224-471,,시스템 배치/감사,exfiltration,Medium,No PII pattern,,(위험도 판단 설명 없음),(마스킹된 로그가 없습니다 - 원본 로그는 백엔드/sf_logs에서만 유지)
LOG-1763484827192-166,,오브젝트 스토리지,misconfiguration,High,No PII pattern,,(위험도 판단 설명 없음),(마스킹된 로그가 없습니다 - 원본 로그는 백엔드/sf_logs에서만 유지)
LOG-1763484832602-259,,로그인 게이트웨이,credential_abuse,Medium,No PII pattern,,(위험도 판단 설명 없음),(마스킹된 로그가 없습니다 - 원본 로그는 백엔드/sf_logs에서만 유지)
LOG-1763484857206-408,,오브젝트 스토리지,misconfiguration,High,No PII pattern,,(위험도 판단 설명 없음),(마스킹된 로그가 없습니다 - 원본 로그는 백엔드/sf_logs에서만 유지)
LOG-1763484869369-184,,CRM 시스템,exfiltration,Medium,No PII pattern,,(위험도 판단 설명 없음),(마스킹된 로그가 없습니다 - 원본 로그는 백엔드/sf_logs에서만 유지)
LOG-1763484873219-66,,시스템 배치/감사,exfiltration,Medium,No PII pattern,,(위험도 판단 설명 없음),(마스킹된 로그가 없습니다 - 원본 로그는 백엔드/sf_logs에서만 유지)
LOG-1763484881017-841,,로그인 게이트웨이,credential_abuse,Medium,No PII pattern,,(위험도 판단 설명 없음),(마스킹된 로그가 없습니다 - 원본 로그는 백엔드/sf_logs에서만 유지)
LOG-1763484891240-599,,시스템 배치/감사,exfiltration,Medium,No PII pattern,,(위험도 판단 설명 없음),(마스킹된 로그가 없습니다 - 원본 로그는 백엔드/sf_logs에서만 유지)
LOG-1763484909255-47,,시스템 배치/감사,exfiltration,Medium,No PII pattern,,(위험도 판단 설명 없음),(마스킹된 로그가 없습니다 - 원본 로그는 백엔드/sf_logs에서만 유지)
LOG-1763484921216-272,,시스템 배치/감사,exfiltration,Medium,No PII pattern,,(위험도 판단 설명 없음),(마스킹된 로그가 없습니다 - 원본 로그는 백엔드/sf_logs에서만 유지)
LOG-1763484983419-531,,파일 서버,exfiltration,High,No PII pattern,,(위험도 판단 설명 없음),(마스킹된 로그가 없습니다 - 원본 로그는 백엔드/sf_logs에서만 유지)
LOG-1763485013094-497,,로그인 게이트웨이,credential_abuse,Medium,No PII pattern,,(위험도 판단 설명 없음),(마스킹된 로그가 없습니다 - 원본 로그는 백엔드/sf_logs에서만 유지)
LOG-1763485049321-842,,파일 서버,exfiltration,High,No PII pattern,,(위험도 판단 설명 없음),(마스킹된 로그가 없습니다 - 원본 로그는 백엔드/sf_logs에서만 유지)
LOG-1763485055082-644,,오브젝트 스토리지,exfiltration,High,No PII pattern,,(위험도 판단 설명 없음),(마스킹된 로그가 없습니다 - 원본 로그는 백엔드/sf_logs에서만 유지)
LOG-1763485079354-928,,CRM 시스템,exfiltration,High,No PII pattern,,(위험도 판단 설명 없음),(마스킹된 로그가 없습니다 - 원본 로그는 백엔드/sf_logs에서만 유지)
LOG-1763485133068-206,,로그인 게이트웨이,credential_abuse,Medium,No PII pattern,,(위험도 판단 설명 없음),(마스킹된 로그가 없습니다 - 원본 로그는 백엔드/sf_logs에서만 유지)
LOG-1763485138880-590,,웹 애플리케이션,credential_abuse,Medium,No PII pattern,,(위험도 판단 설명 없음),(마스킹된 로그가 없습니다 - 원본 로그는 백엔드/sf_logs에서만 유지)
LOG-1763485145180-292,,오브젝트 스토리지,misconfiguration,High,No PII pattern,,(위험도 판단 설명 없음),(마스킹된 로그가 없습니다 - 원본 로그는 백엔드/sf_logs에서만 유지)
LOG-1763485181184-161,,오브젝트 스토리지,exfiltration,High,No PII pattern,,(위험도 판단 설명 없음),(마스킹된 로그가 없습니다 - 원본 로그는 백엔드/sf_logs에서만 유지)
LOG-1763485197229-659,,시스템 배치/감사,exfiltration,Medium,No PII pattern,,(위험도 판단 설명 없음),(마스킹된 로그가 없습니다 - 원본 로그는 백엔드/sf_logs에서만 유지)
LOG-1763485211319-426,,CRM 시스템,exfiltration,High,No PII pattern,,(위험도 판단 설명 없음),(마스킹된 로그가 없습니다 - 원본 로그는 백엔드/sf_logs에서만 유지)
LOG-1763485218307-527,,시스템 배치/감사,exfiltration,Medium,No PII pattern,,(위험도 판단 설명 없음),(마스킹된 로그가 없습니다 - 원본 로그는 백엔드/sf_logs에서만 유지)
LOG-1763485223462-442,,파일 서버,exfiltration,High,No PII pattern,,(위험도 판단 설명 없음),(마스킹된 로그가 없습니다 - 원본 로그는 백엔드/sf_logs에서만 유지)
LOG-1763485239209-180,,시스템 배치/감사,exfiltration,Medium,No PII pattern,,(위험도 판단 설명 없음),(마스킹된 로그가 없습니다 - 원본 로그는 백엔드/sf_logs에서만 유지)
LOG-1763485245277-252,,시스템 배치/감사,exfiltration,Medium,No PII pattern,,(위험도 판단 설명 없음),(마스킹된 로그가 없습니다 - 원본 로그는 백엔드/sf_logs에서만 유지)
LOG-1763485264913-943,,오브젝트 스토리지,exfiltration,High,No PII pattern,,(위험도 판단 설명 없음),(마스킹된 로그가 없습니다 - 원본 로그는 백엔드/sf_logs에서만 유지)
LOG-1763485270886-871,,웹 애플리케이션,monitoring,Medium,No PII pattern,,(위험도 판단 설명 없음),(마스킹된 로그가 없습니다 - 원본 로그는 백엔드/sf_logs에서만 유지)
LOG-1763485299231-821,,시스템 배치/감사,exfiltration,Medium,No PII pattern,,(위험도 판단 설명 없음),(마스킹된 로그가 없습니다 - 원본 로그는 백엔드/sf_logs에서만 유지)
LOG-1763485305301-164,,시스템 배치/감사,exfiltration,Medium,No PII pattern,,(위험도 판단 설명 없음),(마스킹된 로그가 없습니다 - 원본 로그는 백엔드/sf_logs에서만 유지)
LOG-1763485318635-394,,로그인 게이트웨이,credential_abuse,Medium,No PII pattern,,(위험도 판단 설명 없음),(마스킹된 로그가 없습니다 - 원본 로그는 백엔드/sf_logs에서만 유지)
LOG-1763485329257-41,,시스템 배치/감사,exfiltration,Medium,No PII pattern,,(위험도 판단 설명 없음),(마스킹된 로그가 없습니다 - 원본 로그는 백엔드/sf_logs에서만 유지)
LOG-1763485373474-375,,CRM 시스템,exfiltration,High,No PII pattern,,(위험도 판단 설명 없음),(마스킹된 로그가 없습니다 - 원본 로그는 백엔드/sf_logs에서만 유지)
LOG-1763485407213-847,,시스템 배치/감사,exfiltration,Medium,No PII pattern,,(위험도 판단 설명 없음),(마스킹된 로그가 없습니다 - 원본 로그는 백엔드/sf_logs에서만 유지)
LOG-1763485413214-701,,시스템 배치/감사,exfiltration,Medium,No PII pattern,,(위험도 판단 설명 없음),(마스킹된 로그가 없습니다 - 원본 로그는 백엔드/sf_logs에서만 유지)
LOG-1763485419206-586,,시스템 배치/감사,exfiltration,Medium,No PII pattern,,(위험도 판단 설명 없음),(마스킹된 로그가 없습니다 - 원본 로그는 백엔드/sf_logs에서만 유지)
LOG-1763485449228-526,,시스템 배치/감사,exfiltration,Medium,No PII pattern,,(위험도 판단 설명 없음),(마스킹된 로그가 없습니다 - 원본 로그는 백엔드/sf_logs에서만 유지)
LOG-1763485467212-479,,시스템 배치/감사,exfiltration,Medium,No PII pattern,,(위험도 판단 설명 없음),(마스킹된 로그가 없습니다 - 원본 로그는 백엔드/sf_logs에서만 유지)
LOG-1763485497202-363,,시스템 배치/감사,exfiltration,Medium,No PII pattern,,(위험도 판단 설명 없음),(마스킹된 로그가 없습니다 - 원본 로그는 백엔드/sf_logs에서만 유지)
LOG-1763485512522-347,,오브젝트 스토리지,exfiltration,High,No PII pattern,,(위험도 판단 설명 없음),(마스킹된 로그가 없습니다 - 원본 로그는 백엔드/sf_logs에서만 유지)
LOG-1763485587213-690,,시스템 배치/감사,exfiltration,Medium,No PII pattern,,(위험도 판단 설명 없음),(마스킹된 로그가 없습니다 - 원본 로그는 백엔드/sf_logs에서만 유지)
LOG-1763485611242-470,,시스템 배치/감사,exfiltration,Medium,No PII pattern,,(위험도 판단 설명 없음),(마스킹된 로그가 없습니다 - 원본 로그는 백엔드/sf_logs에서만 유지)
LOG-1763485629224-504,,시스템 배치/감사,exfiltration,Medium,No PII pattern,,(위험도 판단 설명 없음),(마스킹된 로그가 없습니다 - 원본 로그는 백엔드/sf_logs에서만 유지)
LOG-1763485643056-742,,로그인 게이트웨이,credential_abuse,Medium,No PII pattern,,(위험도 판단 설명 없음),(마스킹된 로그가 없습니다 - 원본 로그는 백엔드/sf_logs에서만 유지)
LOG-1763485643171-299,,파일 서버,exfiltration,High,No PII pattern,,(위험도 판단 설명 없음),(마스킹된 로그가 없습니다 - 원본 로그는 백엔드/sf_logs에서만 유지)
LOG-1763485663242-696,,CRM 시스템,exfiltration,High,No PII pattern,,(위험도 판단 설명 없음),(마스킹된 로그가 없습니다 - 원본 로그는 백엔드/sf_logs에서만 유지)
LOG-1763485695289-749,,시스템 배치/감사,exfiltration,Medium,No PII pattern,,(위험도 판단 설명 없음),(마스킹된 로그가 없습니다 - 원본 로그는 백엔드/sf_logs에서만 유지)
LOG-1763485701218-637,,시스템 배치/감사,exfiltration,Medium,No PII pattern,,(위험도 판단 설명 없음),(마스킹된 로그가 없습니다 - 원본 로그는 백엔드/sf_logs에서만 유지)
LOG-1763485713210-690,,시스템 배치/감사,exfiltration,Medium,No PII pattern,,(위험도 판단 설명 없음),(마스킹된 로그가 없습니다 - 원본 로그는 백엔드/sf_logs에서만 유지)
LOG-1763485720743-306,,CRM 시스템,exfiltration,High,No PII pattern,,(위험도 판단 설명 없음),(마스킹된 로그가 없습니다 - 원본 로그는 백엔드/sf_logs에서만 유지)
LOG-1763485751432-83,,파일 서버,exfiltration,High,No PII pattern,,(위험도 판단 설명 없음),(마스킹된 로그가 없습니다 - 원본 로그는 백엔드/sf_logs에서만 유지)
LOG-1763485755300-245,,시스템 배치/감사,exfiltration,Medium,No PII pattern,,(위험도 판단 설명 없음),(마스킹된 로그가 없습니다 - 원본 로그는 백엔드/sf_logs에서만 유지)
LOG-1763485770389-779,,오브젝트 스토리지,exfiltration,High,No PII pattern,,(위험도 판단 설명 없음),(마스킹된 로그가 없습니다 - 원본 로그는 백엔드/sf_logs에서만 유지)
LOG-1763485797213-673,,시스템 배치/감사,exfiltration,Medium,No PII pattern,,(위험도 판단 설명 없음),(마스킹된 로그가 없습니다 - 원본 로그는 백엔드/sf_logs에서만 유지)
LOG-1763485820809-95,,로그인 게이트웨이,credential_abuse,Medium,No PII pattern,,(위험도 판단 설명 없음),(마스킹된 로그가 없습니다 - 원본 로그는 백엔드/sf_logs에서만 유지)
LOG-1763485821238-319,,시스템 배치/감사,exfiltration,Medium,No PII pattern,,(위험도 판단 설명 없음),(마스킹된 로그가 없습니다 - 원본 로그는 백엔드/sf_logs에서만 유지)
LOG-1763485851242-794,,시스템 배치/감사,exfiltration,Medium,No PII pattern,,(위험도 판단 설명 없음),(마스킹된 로그가 없습니다 - 원본 로그는 백엔드/sf_logs에서만 유지)
LOG-1763485859102-521,,CRM 시스템,exfiltration,Medium,No PII pattern,,(위험도 판단 설명 없음),(마스킹된 로그가 없습니다 - 원본 로그는 백엔드/sf_logs에서만 유지)
LOG-1763485871836-536,,로그인 게이트웨이,monitoring,Medium,No PII pattern,,(위험도 판단 설명 없음),(마스킹된 로그가 없습니다 - 원본 로그는 백엔드/sf_logs에서만 유지)
LOG-1763485895089-694,,로그인 게이트웨이,credential_abuse,Medium,No PII pattern,,(위험도 판단 설명 없음),(마스킹된 로그가 없습니다 - 원본 로그는 백엔드/sf_logs에서만 유지)
LOG-1763485899237-357,,시스템 배치/감사,exfiltration,Medium,No PII pattern,,(위험도 판단 설명 없음),(마스킹된 로그가 없습니다 - 원본 로그는 백엔드/sf_logs에서만 유지)
LOG-1763485913599-453,,오브젝트 스토리지,exfiltration,High,No PII pattern,,(위험도 판단 설명 없음),(마스킹된 로그가 없습니다 - 원본 로그는 백엔드/sf_logs에서만 유지)
LOG-1763485917214-846,,시스템 배치/감사,exfiltration,Medium,No PII pattern,,(위험도 판단 설명 없음),(마스킹된 로그가 없습니다 - 원본 로그는 백엔드/sf_logs에서만 유지)
LOG-1763485953282-1,,시스템 배치/감사,exfiltration,Medium,No PII pattern,,(위험도 판단 설명 없음),(마스킹된 로그가 없습니다 - 원본 로그는 백엔드/sf_logs에서만 유지)
LOG-1763485968311-560,,시스템 배치/감사,exfiltration,Medium,No PII pattern,,(위험도 판단 설명 없음),(마스킹된 로그가 없습니다 - 원본 로그는 백엔드/sf_logs에서만 유지)
LOG-1763485971216-783,,시스템 배치/감사,exfiltration,Medium,No PII pattern,,(위험도 판단 설명 없음),(마스킹된 로그가 없습니다 - 원본 로그는 백엔드/sf_logs에서만 유지)
LOG-1763486001346-512,,시스템 배치/감사,exfiltration,Medium,No PII pattern,,(위험도 판단 설명 없음),(마스킹된 로그가 없습니다 - 원본 로그는 백엔드/sf_logs에서만 유지)
LOG-1763486019230-751,,시스템 배치/감사,exfiltration,Medium,No PII pattern,,(위험도 판단 설명 없음),(마스킹된 로그가 없습니다 - 원본 로그는 백엔드/sf_logs에서만 유지)
LOG-1763486033643-665,,로그인 게이트웨이,credential_abuse,Medium,No PII pattern,,(위험도 판단 설명 없음),(마스킹된 로그가 없습니다 - 원본 로그는 백엔드/sf_logs에서만 유지)
LOG-1763486039172-711,,CRM 시스템,exfiltration,High,No PII pattern,,(위험도 판단 설명 없음),(마스킹된 로그가 없습니다 - 원본 로그는 백엔드/sf_logs에서만 유지)
LOG-1763486049240-630,,웹 애플리케이션,monitoring,Medium,No PII pattern,,(위험도 판단 설명 없음),(마스킹된 로그가 없습니다 - 원본 로그는 백엔드/sf_logs에서만 유지)
LOG-1763486055284-140,,시스템 배치/감사,exfiltration,Medium,No PII pattern,,(위험도 판단 설명 없음),(마스킹된 로그가 없습니다 - 원본 로그는 백엔드/sf_logs에서만 유지)
LOG-1763486064713-707,,웹 애플리케이션,credential_abuse,Medium,No PII pattern,,(위험도 판단 설명 없음),(마스킹된 로그가 없습니다 - 원본 로그는 백엔드/sf_logs에서만 유지)
LOG-1763486069731-356,,웹 애플리케이션,monitoring,Medium,No PII pattern,,(위험도 판단 설명 없음),(마스킹된 로그가 없습니다 - 원본 로그는 백엔드/sf_logs에서만 유지)
LOG-1763486085284-478,,시스템 배치/감사,exfiltration,Medium,No PII pattern,,(위험도 판단 설명 없음),(마스킹된 로그가 없습니다 - 원본 로그는 백엔드/sf_logs에서만 유지)
LOG-1763486104944-903,,웹 애플리케이션,monitoring,Medium,No PII pattern,,(위험도 판단 설명 없음),(마스킹된 로그가 없습니다 - 원본 로그는 백엔드/sf_logs에서만 유지)
LOG-1763486151364-677,,시스템 배치/감사,exfiltration,Medium,No PII pattern,,(위험도 판단 설명 없음),(마스킹된 로그가 없습니다 - 원본 로그는 백엔드/sf_logs에서만 유지)
LOG-1763486157257-753,,시스템 배치/감사,exfiltration,Medium,No PII pattern,,(위험도 판단 설명 없음),(마스킹된 로그가 없습니다 - 원본 로그는 백엔드/sf_logs에서만 유지)
LOG-1763486169243-776,,시스템 배치/감사,exfiltration,Medium,No PII pattern,,(위험도 판단 설명 없음),(마스킹된 로그가 없습니다 - 원본 로그는 백엔드/sf_logs에서만 유지)
LOG-1763486180173-919,,CRM 시스템,exfiltration,Medium,No PII pattern,,(위험도 판단 설명 없음),(마스킹된 로그가 없습니다 - 원본 로그는 백엔드/sf_logs에서만 유지)
LOG-1763486188776-244,,오브젝트 스토리지,misconfiguration,High,No PII pattern,,(위험도 판단 설명 없음),(마스킹된 로그가 없습니다 - 원본 로그는 백엔드/sf_logs에서만 유지)
LOG-1763486199228-582,,시스템 배치/감사,exfiltration,Medium,No PII pattern,,(위험도 판단 설명 없음),(마스킹된 로그가 없습니다 - 원본 로그는 백엔드/sf_logs에서만 유지)
LOG-1763486243822-847,,CRM 시스템,exfiltration,Medium,No PII pattern,,(위험도 판단 설명 없음),(마스킹된 로그가 없습니다 - 원본 로그는 백엔드/sf_logs에서만 유지)
LOG-1763486273627-237,,CRM 시스템,exfiltration,Medium,No PII pattern,,(위험도 판단 설명 없음),(마스킹된 로그가 없습니다 - 원본 로그는 백엔드/sf_logs에서만 유지)
LOG-1763486279083-159,,파일 서버,exfiltration,High,No PII pattern,,(위험도 판단 설명 없음),(마스킹된 로그가 없습니다 - 원본 로그는 백엔드/sf_logs에서만 유지)
LOG-1763486289230-520,,시스템 배치/감사,exfiltration,Medium,No PII pattern,,(위험도 판단 설명 없음),(마스킹된 로그가 없습니다 - 원본 로그는 백엔드/sf_logs에서만 유지)
LOG-1763486297011-753,,오브젝트 스토리지,exfiltration,High,No PII pattern,,(위험도 판단 설명 없음),(마스킹된 로그가 없습니다 - 원본 로그는 백엔드/sf_logs에서만 유지)
LOG-1763486301211-142,,시스템 배치/감사,exfiltration,Medium,No PII pattern,,(위험도 판단 설명 없음),(마스킹된 로그가 없습니다 - 원본 로그는 백엔드/sf_logs에서만 유지)
LOG-1763486313214-327,,시스템 배치/감사,exfiltration,Medium,No PII pattern,,(위험도 판단 설명 없음),(마스킹된 로그가 없습니다 - 원본 로그는 백엔드/sf_logs에서만 유지)
LOG-1763486334076-143,,CRM 시스템,exfiltration,Medium,No PII pattern,,(위험도 판단 설명 없음),(마스킹된 로그가 없습니다 - 원본 로그는 백엔드/sf_logs에서만 유지)
LOG-1763486349232-694,,시스템 배치/감사,exfiltration,Medium,No PII pattern,,(위험도 판단 설명 없음),(마스킹된 로그가 없습니다 - 원본 로그는 백엔드/sf_logs에서만 유지)
LOG-1763486357326-488,,파일 서버,exfiltration,High,No PII pattern,,(위험도 판단 설명 없음),(마스킹된 로그가 없습니다 - 원본 로그는 백엔드/sf_logs에서만 유지)
LOG-1763486367225-833,,시스템 배치/감사,exfiltration,Medium,No PII pattern,,(위험도 판단 설명 없음),(마스킹된 로그가 없습니다 - 원본 로그는 백엔드/sf_logs에서만 유지)
LOG-1763486381244-659,,로그인 게이트웨이,credential_abuse,High,No PII pattern,,(위험도 판단 설명 없음),(마스킹된 로그가 없습니다 - 원본 로그는 백엔드/sf_logs에서만 유지)
LOG-1763486393124-435,,오브젝트 스토리지,misconfiguration,High,No PII pattern,,(위험도 판단 설명 없음),(마스킹된 로그가 없습니다 - 원본 로그는 백엔드/sf_logs에서만 유지)
LOG-1763486397215-792,,시스템 배치/감사,exfiltration,Medium,No PII pattern,,(위험도 판단 설명 없음),(마스킹된 로그가 없습니다 - 원본 로그는 백엔드/sf_logs에서만 유지)
LOG-1763486423015-83,,웹 애플리케이션,monitoring,Medium,No PII pattern,,(위험도 판단 설명 없음),(마스킹된 로그가 없습니다 - 원본 로그는 백엔드/sf_logs에서만 유지)
LOG-1763486428779-533,,오브젝트 스토리지,misconfiguration,High,No PII pattern,,(위험도 판단 설명 없음),(마스킹된 로그가 없습니다 - 원본 로그는 백엔드/sf_logs에서만 유지)
LOG-1763486439224-809,,시스템 배치/감사,exfiltration,Medium,No PII pattern,,(위험도 판단 설명 없음),(마스킹된 로그가 없습니다 - 원본 로그는 백엔드/sf_logs에서만 유지)
LOG-1763486459615-758,,CRM 시스템,exfiltration,High,No PII pattern,,(위험도 판단 설명 없음),(마스킹된 로그가 없습니다 - 원본 로그는 백엔드/sf_logs에서만 유지)
LOG-1763486475271-735,,시스템 배치/감사,exfiltration,Medium,No PII pattern,,(위험도 판단 설명 없음),(마스킹된 로그가 없습니다 - 원본 로그는 백엔드/sf_logs에서만 유지)
LOG-1763486565305-542,,시스템 배치/감사,exfiltration,Medium,No PII pattern,,(위험도 판단 설명 없음),(마스킹된 로그가 없습니다 - 원본 로그는 백엔드/sf_logs에서만 유지)
LOG-1763486589235-475,,시스템 배치/감사,exfiltration,Medium,No PII pattern,,(위험도 판단 설명 없음),(마스킹된 로그가 없습니다 - 원본 로그는 백엔드/sf_logs에서만 유지)
LOG-1763486639351-905,,오브젝트 스토리지,misconfiguration,High,No PII pattern,,(위험도 판단 설명 없음),(마스킹된 로그가 없습니다 - 원본 로그는 백엔드/sf_logs에서만 유지)
LOG-1763486646290-411,,웹 애플리케이션,monitoring,Medium,No PII pattern,,(위험도 판단 설명 없음),(마스킹된 로그가 없습니다 - 원본 로그는 백엔드/sf_logs에서만 유지)
LOG-1763486649224-746,,시스템 배치/감사,exfiltration,Medium,No PII pattern,,(위험도 판단 설명 없음),(마스킹된 로그가 없습니다 - 원본 로그는 백엔드/sf_logs에서만 유지)
LOG-1763486679206-362,,시스템 배치/감사,exfiltration,Medium,No PII pattern,,(위험도 판단 설명 없음),(마스킹된 로그가 없습니다 - 원본 로그는 백엔드/sf_logs에서만 유지)
LOG-1763486687413-925,,웹 애플리케이션,monitoring,Medium,No PII pattern,,(위험도 판단 설명 없음),(마스킹된 로그가 없습니다 - 원본 로그는 백엔드/sf_logs에서만 유지)
LOG-1763486697209-147,,시스템 배치/감사,exfiltration,Medium,No PII pattern,,(위험도 판단 설명 없음),(마스킹된 로그가 없습니다 - 원본 로그는 백엔드/sf_logs에서만 유지)
LOG-1763486705445-56,,오브젝트 스토리지,misconfiguration,High,No PII pattern,,(위험도 판단 설명 없음),(마스킹된 로그가 없습니다 - 원본 로그는 백엔드/sf_logs에서만 유지)
LOG-1763486710958-994,,로그인 게이트웨이,credential_abuse,Medium,No PII pattern,,(위험도 판단 설명 없음),(마스킹된 로그가 없습니다 - 원본 로그는 백엔드/sf_logs에서만 유지)
LOG-1763486721219-471,,시스템 배치/감사,exfiltration,Medium,No PII pattern,,(위험도 판단 설명 없음),(마스킹된 로그가 없습니다 - 원본 로그는 백엔드/sf_logs에서만 유지)
LOG-1763486754411-80,,시스템 배치/감사,exfiltration,Medium,No PII pattern,,(위험도 판단 설명 없음),(마스킹된 로그가 없습니다 - 원본 로그는 백엔드/sf_logs에서만 유지)
LOG-1763486759298-82,,CRM 시스템,exfiltration,Medium,No PII pattern,,(위험도 판단 설명 없음),(마스킹된 로그가 없습니다 - 원본 로그는 백엔드/sf_logs에서만 유지)
LOG-1763486771495-959,,오브젝트 스토리지,misconfiguration,High,No PII pattern,,(위험도 판단 설명 없음),(마스킹된 로그가 없습니다 - 원본 로그는 백엔드/sf_logs에서만 유지)
LOG-1763486787202-908,,웹 애플리케이션,monitoring,Medium,No PII pattern,,(위험도 판단 설명 없음),(마스킹된 로그가 없습니다 - 원본 로그는 백엔드/sf_logs에서만 유지)
LOG-1763486793232-758,,시스템 배치/감사,exfiltration,Medium,No PII pattern,,(위험도 판단 설명 없음),(마스킹된 로그가 없습니다 - 원본 로그는 백엔드/sf_logs에서만 유지)
LOG-1763486805273-190,,시스템 배치/감사,exfiltration,Medium,No PII pattern,,(위험도 판단 설명 없음),(마스킹된 로그가 없습니다 - 원본 로그는 백엔드/sf_logs에서만 유지)
LOG-1763486818750-48,,웹 애플리케이션,monitoring,Medium,No PII pattern,,(위험도 판단 설명 없음),(마스킹된 로그가 없습니다 - 원본 로그는 백엔드/sf_logs에서만 유지)
LOG-1763487081228-342,,시스템 배치/감사,exfiltration,Medium,No PII pattern,,(위험도 판단 설명 없음),(마스킹된 로그가 없습니다 - 원본 로그는 백엔드/sf_logs에서만 유지)
LOG-1763487089349-990,,웹 애플리케이션,monitoring,Medium,No PII pattern,,(위험도 판단 설명 없음),(마스킹된 로그가 없습니다 - 원본 로그는 백엔드/sf_logs에서만 유지)
LOG-1763487105306-513,,시스템 배치/감사,exfiltration,Medium,No PII pattern,,(위험도 판단 설명 없음),(마스킹된 로그가 없습니다 - 원본 로그는 백엔드/sf_logs에서만 유지)
LOG-1763487123213-740,,웹 애플리케이션,monitoring,Medium,No PII pattern,,(위험도 판단 설명 없음),(마스킹된 로그가 없습니다 - 원본 로그는 백엔드/sf_logs에서만 유지)
LOG-1763487142804-271,,웹 애플리케이션,monitoring,Medium,No PII pattern,,(위험도 판단 설명 없음),(마스킹된 로그가 없습니다 - 원본 로그는 백엔드/sf_logs에서만 유지)
LOG-1763487153227-593,,시스템 배치/감사,exfiltration,Medium,No PII pattern,,(위험도 판단 설명 없음),(마스킹된 로그가 없습니다 - 원본 로그는 백엔드/sf_logs에서만 유지)
LOG-1763487173011-631,,웹 애플리케이션,monitoring,Medium,No PII pattern,,(위험도 판단 설명 없음),(마스킹된 로그가 없습니다 - 원본 로그는 백엔드/sf_logs에서만 유지)
LOG-1763487227010-376,,로그인 게이트웨이,credential_abuse,Medium,No PII pattern,,(위험도 판단 설명 없음),(마스킹된 로그가 없습니다 - 원본 로그는 백엔드/sf_logs에서만 유지)
LOG-1763487239075-477,,CRM 시스템,exfiltration,Medium,No PII pattern,,(위험도 판단 설명 없음),(마스킹된 로그가 없습니다 - 원본 로그는 백엔드/sf_logs에서만 유지)
LOG-1763487263746-656,,로그인 게이트웨이,credential_abuse,Medium,No PII pattern,,(위험도 판단 설명 없음),(마스킹된 로그가 없습니다 - 원본 로그는 백엔드/sf_logs에서만 유지)
LOG-1763487279223-748,,시스템 배치/감사,exfiltration,Medium,No PII pattern,,(위험도 판단 설명 없음),(마스킹된 로그가 없습니다 - 원본 로그는 백엔드/sf_logs에서만 유지)
LOG-1763487285287-893,,시스템 배치/감사,exfiltration,Medium,No PII pattern,,(위험도 판단 설명 없음),(마스킹된 로그가 없습니다 - 원본 로그는 백엔드/sf_logs에서만 유지)
LOG-1763487327222-369,,시스템 배치/감사,exfiltration,Medium,No PII pattern,,(위험도 판단 설명 없음),(마스킹된 로그가 없습니다 - 원본 로그는 백엔드/sf_logs에서만 유지)
LOG-1763487352901-171,,오브젝트 스토리지,misconfiguration,High,No PII pattern,,(위험도 판단 설명 없음),(마스킹된 로그가 없습니다 - 원본 로그는 백엔드/sf_logs에서만 유지)
LOG-1763487375303-923,,시스템 배치/감사,exfiltration,Medium,No PII pattern,,(위험도 판단 설명 없음),(마스킹된 로그가 없습니다 - 원본 로그는 백엔드/sf_logs에서만 유지)
LOG-1763487383972-29,,CRM 시스템,exfiltration,Medium,No PII pattern,,(위험도 판단 설명 없음),(마스킹된 로그가 없습니다 - 원본 로그는 백엔드/sf_logs에서만 유지)
LOG-1763487407933-327,,오브젝트 스토리지,exfiltration,High,No PII pattern,,(위험도 판단 설명 없음),(마스킹된 로그가 없습니다 - 원본 로그는 백엔드/sf_logs에서만 유지)
LOG-1763487411229-855,,시스템 배치/감사,exfiltration,Medium,No PII pattern,,(위험도 판단 설명 없음),(마스킹된 로그가 없습니다 - 원본 로그는 백엔드/sf_logs에서만 유지)
LOG-1763487419391-262,,오브젝트 스토리지,misconfiguration,High,No PII pattern,,(위험도 판단 설명 없음),(마스킹된 로그가 없습니다 - 원본 로그는 백엔드/sf_logs에서만 유지)
LOG-1763487439501-367,,웹 애플리케이션,monitoring,Medium,No PII pattern,,(위험도 판단 설명 없음),(마스킹된 로그가 없습니다 - 원본 로그는 백엔드/sf_logs에서만 유지)
LOG-1763487453252-671,,시스템 배치/감사,exfiltration,Medium,No PII pattern,,(위험도 판단 설명 없음),(마스킹된 로그가 없습니다 - 원본 로그는 백엔드/sf_logs에서만 유지)
LOG-1763487477134-488,,시스템 배치/감사,exfiltration,Medium,No PII pattern,,(위험도 판단 설명 없음),(마스킹된 로그가 없습니다 - 원본 로그는 백엔드/sf_logs에서만 유지)
LOG-1763487495273-973,,시스템 배치/감사,exfiltration,Medium,No PII pattern,,(위험도 판단 설명 없음),(마스킹된 로그가 없습니다 - 원본 로그는 백엔드/sf_logs에서만 유지)
LOG-1763487503164-727,,CRM 시스템,exfiltration,Medium,No PII pattern,,(위험도 판단 설명 없음),(마스킹된 로그가 없습니다 - 원본 로그는 백엔드/sf_logs에서만 유지)
LOG-1763487512065-556,,로그인 게이트웨이,credential_abuse,Medium,No PII pattern,,(위험도 판단 설명 없음),(마스킹된 로그가 없습니다 - 원본 로그는 백엔드/sf_logs에서만 유지)
LOG-1763487513241-0,,시스템 배치/감사,exfiltration,Medium,No PII pattern,,(위험도 판단 설명 없음),(마스킹된 로그가 없습니다 - 원본 로그는 백엔드/sf_logs에서만 유지)
LOG-1763487533203-838,,로그인 게이트웨이,credential_abuse,Medium,No PII pattern,,(위험도 판단 설명 없음),(마스킹된 로그가 없습니다 - 원본 로그는 백엔드/sf_logs에서만 유지)
LOG-1763487537209-467,,시스템 배치/감사,exfiltration,Medium,No PII pattern,,(위험도 판단 설명 없음),(마스킹된 로그가 없습니다 - 원본 로그는 백엔드/sf_logs에서만 유지)
LOG-1763487560204-666,,CRM 시스템,exfiltration,Medium,No PII pattern,,(위험도 판단 설명 없음),(마스킹된 로그가 없습니다 - 원본 로그는 백엔드/sf_logs에서만 유지)
LOG-1763487563081-122,,로그인 게이트웨이,credential_abuse,Medium,No PII pattern,,(위험도 판단 설명 없음),(마스킹된 로그가 없습니다 - 원본 로그는 백엔드/sf_logs에서만 유지)
LOG-1763487567214-905,,시스템 배치/감사,exfiltration,Medium,No PII pattern,,(위험도 판단 설명 없음),(마스킹된 로그가 없습니다 - 원본 로그는 백엔드/sf_logs에서만 유지)
LOG-1763487575372-499,,오브젝트 스토리지,misconfiguration,High,No PII pattern,,(위험도 판단 설명 없음),(마스킹된 로그가 없습니다 - 원본 로그는 백엔드/sf_logs에서만 유지)
LOG-1763487581007-736,,로그인 게이트웨이,credential_abuse,Medium,No PII pattern,,(위험도 판단 설명 없음),(마스킹된 로그가 없습니다 - 원본 로그는 백엔드/sf_logs에서만 유지)
LOG-1763487597227-292,,웹 애플리케이션,monitoring,Medium,No PII pattern,,(위험도 판단 설명 없음),(마스킹된 로그가 없습니다 - 원본 로그는 백엔드/sf_logs에서만 유지)
LOG-1763487621259-666,,시스템 배치/감사,exfiltration,Medium,No PII pattern,,(위험도 판단 설명 없음),(마스킹된 로그가 없습니다 - 원본 로그는 백엔드/sf_logs에서만 유지)
LOG-1763487629997-491,,로그인 게이트웨이,credential_abuse,Medium,No PII pattern,,(위험도 판단 설명 없음),(마스킹된 로그가 없습니다 - 원본 로그는 백엔드/sf_logs에서만 유지)
LOG-1763487651323-974,,웹 애플리케이션,monitoring,Medium,No PII pattern,,(위험도 판단 설명 없음),(마스킹된 로그가 없습니다 - 원본 로그는 백엔드/sf_logs에서만 유지)
LOG-1763487693353-489,,시스템 배치/감사,exfiltration,Medium,No PII pattern,,(위험도 판단 설명 없음),(마스킹된 로그가 없습니다 - 원본 로그는 백엔드/sf_logs에서만 유지)
LOG-1763487699252-265,,시스템 배치/감사,exfiltration,Medium,No PII pattern,,(위험도 판단 설명 없음),(마스킹된 로그가 없습니다 - 원본 로그는 백엔드/sf_logs에서만 유지)
LOG-1763487773306-625,,오브젝트 스토리지,exfiltration,High,No PII pattern,,(위험도 판단 설명 없음),(마스킹된 로그가 없습니다 - 원본 로그는 백엔드/sf_logs에서만 유지)
LOG-1763487777223-114,,시스템 배치/감사,exfiltration,Medium,No PII pattern,,(위험도 판단 설명 없음),(마스킹된 로그가 없습니다 - 원본 로그는 백엔드/sf_logs에서만 유지)
LOG-1763487789236-395,,시스템 배치/감사,exfiltration,Medium,No PII pattern,,(위험도 판단 설명 없음),(마스킹된 로그가 없습니다 - 원본 로그는 백엔드/sf_logs에서만 유지)
LOG-1763487807218-666,,시스템 배치/감사,exfiltration,Medium,No PII pattern,,(위험도 판단 설명 없음),(마스킹된 로그가 없습니다 - 원본 로그는 백엔드/sf_logs에서만 유지)
LOG-1763487814857-124,,오브젝트 스토리지,exfiltration,High,No PII pattern,,(위험도 판단 설명 없음),(마스킹된 로그가 없습니다 - 원본 로그는 백엔드/sf_logs에서만 유지)
LOG-1763487863251-253,,웹 애플리케이션,monitoring,Medium,No PII pattern,,(위험도 판단 설명 없음),(마스킹된 로그가 없습니다 - 원본 로그는 백엔드/sf_logs에서만 유지)
LOG-1763487885266-101,,웹 애플리케이션,monitoring,Medium,No PII pattern,,(위험도 판단 설명 없음),(마스킹된 로그가 없습니다 - 원본 로그는 백엔드/sf_logs에서만 유지)
LOG-1763487917414-646,,CRM 시스템,exfiltration,High,No PII pattern,,(위험도 판단 설명 없음),(마스킹된 로그가 없습니다 - 원본 로그는 백엔드/sf_logs에서만 유지)
LOG-1763487953154-204,,로그인 게이트웨이,credential_abuse,Medium,No PII pattern,,(위험도 판단 설명 없음),(마스킹된 로그가 없습니다 - 원본 로그는 백엔드/sf_logs에서만 유지)
LOG-1763487953230-703,,CRM 시스템,exfiltration,High,No PII pattern,,(위험도 판단 설명 없음),(마스킹된 로그가 없습니다 - 원본 로그는 백엔드/sf_logs에서만 유지)
LOG-1763487957209-107,,시스템 배치/감사,exfiltration,Medium,No PII pattern,,(위험도 판단 설명 없음),(마스킹된 로그가 없습니다 - 원본 로그는 백엔드/sf_logs에서만 유지)
LOG-1763487969214-834,,시스템 배치/감사,exfiltration,Medium,No PII pattern,,(위험도 판단 설명 없음),(마스킹된 로그가 없습니다 - 원본 로그는 백엔드/sf_logs에서만 유지)
LOG-1763488049584-858,,오브젝트 스토리지,misconfiguration,High,No PII pattern,,(위험도 판단 설명 없음),(마스킹된 로그가 없습니다 - 원본 로그는 백엔드/sf_logs에서만 유지)
LOG-1763488077223-150,,시스템 배치/감사,exfiltration,Medium,No PII pattern,,(위험도 판단 설명 없음),(마스킹된 로그가 없습니다 - 원본 로그는 백엔드/sf_logs에서만 유지)
LOG-1763488089220-315,,시스템 배치/감사,exfiltration,Medium,No PII pattern,,(위험도 판단 설명 없음),(마스킹된 로그가 없습니다 - 원본 로그는 백엔드/sf_logs에서만 유지)
LOG-1763488101214-677,,시스템 배치/감사,exfiltration,Medium,No PII pattern,,(위험도 판단 설명 없음),(마스킹된 로그가 없습니다 - 원본 로그는 백엔드/sf_logs에서만 유지)
LOG-1763488109072-536,,로그인 게이트웨이,credential_abuse,High,No PII pattern,,(위험도 판단 설명 없음),(마스킹된 로그가 없습니다 - 원본 로그는 백엔드/sf_logs에서만 유지)
LOG-1763488120983-454,,CRM 시스템,exfiltration,Medium,No PII pattern,,(위험도 판단 설명 없음),(마스킹된 로그가 없습니다 - 원본 로그는 백엔드/sf_logs에서만 유지)
LOG-1763488197218-780,,시스템 배치/감사,exfiltration,Medium,No PII pattern,,(위험도 판단 설명 없음),(마스킹된 로그가 없습니다 - 원본 로그는 백엔드/sf_logs에서만 유지)
LOG-1763488221205-782,,시스템 배치/감사,exfiltration,Medium,No PII pattern,,(위험도 판단 설명 없음),(마스킹된 로그가 없습니다 - 원본 로그는 백엔드/sf_logs에서만 유지)
LOG-1763488311339-18,,시스템 배치/감사,exfiltration,Medium,No PII pattern,,(위험도 판단 설명 없음),(마스킹된 로그가 없습니다 - 원본 로그는 백엔드/sf_logs에서만 유지)
LOG-1763488319194-190,,CRM 시스템,exfiltration,High,No PII pattern,,(위험도 판단 설명 없음),(마스킹된 로그가 없습니다 - 원본 로그는 백엔드/sf_logs에서만 유지)
LOG-1763488379184-818,,로그인 게이트웨이,credential_abuse,Medium,No PII pattern,,(위험도 판단 설명 없음),(마스킹된 로그가 없습니다 - 원본 로그는 백엔드/sf_logs에서만 유지)
LOG-1763488409654-485,,오브젝트 스토리지,exfiltration,High,No PII pattern,,(위험도 판단 설명 없음),(마스킹된 로그가 없습니다 - 원본 로그는 백엔드/sf_logs에서만 유지)
LOG-1763488436331-502,,오브젝트 스토리지,exfiltration,High,No PII pattern,,(위험도 판단 설명 없음),(마스킹된 로그가 없습니다 - 원본 로그는 백엔드/sf_logs에서만 유지)
LOG-1763488479234-552,,시스템 배치/감사,exfiltration,Medium,No PII pattern,,(위험도 판단 설명 없음),(마스킹된 로그가 없습니다 - 원본 로그는 백엔드/sf_logs에서만 유지)
LOG-1763488486794-36,,웹 애플리케이션,monitoring,Medium,No PII pattern,,(위험도 판단 설명 없음),(마스킹된 로그가 없습니다 - 원본 로그는 백엔드/sf_logs에서만 유지)
LOG-1763488509218-694,,시스템 배치/감사,exfiltration,Medium,No PII pattern,,(위험도 판단 설명 없음),(마스킹된 로그가 없습니다 - 원본 로그는 백엔드/sf_logs에서만 유지)
LOG-1763488533231-709,,시스템 배치/감사,exfiltration,Medium,No PII pattern,,(위험도 판단 설명 없음),(마스킹된 로그가 없습니다 - 원본 로그는 백엔드/sf_logs에서만 유지)
LOG-1763488551283-5,,시스템 배치/감사,exfiltration,Medium,No PII pattern,,(위험도 판단 설명 없음),(마스킹된 로그가 없습니다 - 원본 로그는 백엔드/sf_logs에서만 유지)
LOG-1763488581271-605,,시스템 배치/감사,exfiltration,Medium,No PII pattern,,(위험도 판단 설명 없음),(마스킹된 로그가 없습니다 - 원본 로그는 백엔드/sf_logs에서만 유지)
LOG-1763488587232-820,,시스템 배치/감사,exfiltration,Medium,No PII pattern,,(위험도 판단 설명 없음),(마스킹된 로그가 없습니다 - 원본 로그는 백엔드/sf_logs에서만 유지)
LOG-1763488605278-336,,시스템 배치/감사,exfiltration,Medium,No PII pattern,,(위험도 판단 설명 없음),(마스킹된 로그가 없습니다 - 원본 로그는 백엔드/sf_logs에서만 유지)
LOG-1763488617225-323,,시스템 배치/감사,exfiltration,Medium,No PII pattern,,(위험도 판단 설명 없음),(마스킹된 로그가 없습니다 - 원본 로그는 백엔드/sf_logs에서만 유지)
LOG-1763488655546-649,,CRM 시스템,exfiltration,High,No PII pattern,,(위험도 판단 설명 없음),(마스킹된 로그가 없습니다 - 원본 로그는 백엔드/sf_logs에서만 유지)
LOG-1763488655792-393,,CRM 시스템,exfiltration,High,No PII pattern,,(위험도 판단 설명 없음),(마스킹된 로그가 없습니다 - 원본 로그는 백엔드/sf_logs에서만 유지)
LOG-1763488659212-569,,시스템 배치/감사,exfiltration,Medium,No PII pattern,,(위험도 판단 설명 없음),(마스킹된 로그가 없습니다 - 원본 로그는 백엔드/sf_logs에서만 유지)
LOG-1763488671270-909,,시스템 배치/감사,exfiltration,Medium,No PII pattern,,(위험도 판단 설명 없음),(마스킹된 로그가 없습니다 - 원본 로그는 백엔드/sf_logs에서만 유지)